store_id,product_id,current_stock,lead_time_days
S1,P1,130,3
S1,P2,106,3
S1,P3,259,4
S1,P4,105,7
S1,P5,204,7
S1,P6,82,3
S1,P7,123,6
S1,P8,146,2
S1,P9,158,2
S1,P10,182,7
S1,P11,217,3
S1,P12,186,7
S1,P13,258,4
S1,P14,196,7
S1,P15,221,7
S1,P16,66,3
S1,P17,154,7
S1,P18,170,7
S1,P19,85,6
S1,P20,144,5
S1,P21,79,6
S1,P22,232,5
S1,P23,130,3
S1,P24,128,3
S1,P25,237,6
S1,P26,220,3
S1,P27,130,2
S1,P28,152,3
S1,P29,216,5
S1,P30,78,7
S1,P31,96,6
S1,P32,292,3
S1,P33,154,4
S1,P34,244,6
S1,P35,250,3
S1,P36,166,3
S1,P37,236,7
S1,P38,295,5
S1,P39,253,6
S1,P40,164,5
S1,P41,278,6
S1,P42,288,7
S1,P43,233,3
S1,P44,258,6
S1,P45,60,5
S1,P46,139,7
S1,P47,228,7
S1,P48,97,4
S1,P49,253,6
S1,P50,74,5
S1,P51,104,3
S1,P52,85,4
S1,P53,154,4
S1,P54,91,6
S1,P55,109,3
S1,P56,152,3
S1,P57,157,6
S1,P58,167,3
S1,P59,156,7
S1,P60,195,4
S1,P61,185,7
S1,P62,148,6
S1,P63,99,4
S1,P64,223,5
S1,P65,224,6
S1,P66,102,7
S1,P67,191,3
S1,P68,92,6
S1,P69,114,5
S1,P70,143,6
S1,P71,99,3
S1,P72,147,3
S1,P73,142,5
S1,P74,105,2
S1,P75,205,6
S1,P76,165,2
S1,P77,285,2
S1,P78,121,3
S1,P79,93,2
S1,P80,265,6
S1,P81,250,5
S1,P82,166,3
S1,P83,299,5
S1,P84,226,7
S1,P85,214,3
S1,P86,276,2
S1,P87,268,5
S1,P88,81,5
S1,P89,256,7
S1,P90,164,6
S1,P91,204,6
S1,P92,158,5
S1,P93,96,7
S1,P94,114,5
S1,P95,239,5
S1,P96,198,5
S1,P97,167,7
S1,P98,103,2
S1,P99,244,4
S1,P100,149,3
S2,P1,83,2
S2,P2,274,2
S2,P3,114,2
S2,P4,217,5
S2,P5,124,2
S2,P6,246,4
S2,P7,299,4
S2,P8,179,4
S2,P9,131,2
S2,P10,97,6
S2,P11,99,2
S2,P12,229,4
S2,P13,115,2
S2,P14,254,2
S2,P15,82,2
S2,P16,216,7
S2,P17,220,7
S2,P18,79,3
S2,P19,279,7
S2,P20,141,4
S2,P21,212,6
S2,P22,128,6
S2,P23,196,3
S2,P24,133,4
S2,P25,174,2
S2,P26,96,3
S2,P27,81,2
S2,P28,245,4
S2,P29,241,7
S2,P30,300,4
S2,P31,249,4
S2,P32,247,7
S2,P33,135,6
S2,P34,192,5
S2,P35,299,4
S2,P36,253,4
S2,P37,70,3
S2,P38,212,2
S2,P39,261,5
S2,P40,276,3
S2,P41,57,2
S2,P42,53,2
S2,P43,284,5
S2,P44,236,7
S2,P45,67,3
S2,P46,177,5
S2,P47,122,3
S2,P48,90,6
S2,P49,264,4
S2,P50,76,7
S2,P51,53,3
S2,P52,199,2
S2,P53,196,5
S2,P54,61,6
S2,P55,114,6
S2,P56,195,5
S2,P57,160,5
S2,P58,278,3
S2,P59,130,7
S2,P60,140,2
S2,P61,133,7
S2,P62,97,4
S2,P63,211,4
S2,P64,233,3
S2,P65,157,2
S2,P66,180,6
S2,P67,96,2
S2,P68,53,5
S2,P69,68,3
S2,P70,261,6
S2,P71,78,3
S2,P72,68,5
S2,P73,128,6
S2,P74,247,2
S2,P75,198,3
S2,P76,292,2
S2,P77,113,5
S2,P78,279,5
S2,P79,106,2
S2,P80,227,5
S2,P81,206,4
S2,P82,219,6
S2,P83,214,4
S2,P84,63,7
S2,P85,171,4
S2,P86,256,2
S2,P87,204,3
S2,P88,275,7
S2,P89,53,5
S2,P90,84,4
S2,P91,81,4
S2,P92,161,6
S2,P93,157,4
S2,P94,280,4
S2,P95,50,4
S2,P96,87,5
S2,P97,269,4
S2,P98,81,2
S2,P99,66,4
S2,P100,104,3
S3,P1,52,5
S3,P2,214,5
S3,P3,255,3
S3,P4,111,6
S3,P5,246,7
S3,P6,184,7
S3,P7,172,7
S3,P8,180,6
S3,P9,114,7
S3,P10,286,6
S3,P11,235,3
S3,P12,277,3
S3,P13,273,6
S3,P14,199,3
S3,P15,273,2
S3,P16,88,5
S3,P17,218,3
S3,P18,112,5
S3,P19,248,7
S3,P20,71,4
S3,P21,185,5
S3,P22,138,7
S3,P23,123,5
S3,P24,279,4
S3,P25,153,5
S3,P26,76,6
S3,P27,218,3
S3,P28,151,2
S3,P29,124,6
S3,P30,132,3
S3,P31,101,5
S3,P32,194,2
S3,P33,162,6
S3,P34,191,4
S3,P35,191,7
S3,P36,200,3
S3,P37,66,4
S3,P38,118,6
S3,P39,76,7
S3,P40,233,3
S3,P41,67,5
S3,P42,197,6
S3,P43,191,6
S3,P44,275,2
S3,P45,238,5
S3,P46,151,4
S3,P47,248,6
S3,P48,284,3
S3,P49,114,3
S3,P50,183,4
S3,P51,284,3
S3,P52,85,4
S3,P53,268,2
S3,P54,70,4
S3,P55,56,4
S3,P56,89,3
S3,P57,82,4
S3,P58,165,6
S3,P59,191,2
S3,P60,238,6
S3,P61,250,6
S3,P62,224,4
S3,P63,289,5
S3,P64,254,5
S3,P65,137,7
S3,P66,199,3
S3,P67,205,4
S3,P68,239,2
S3,P69,200,4
S3,P70,229,2
S3,P71,66,7
S3,P72,228,7
S3,P73,85,4
S3,P74,282,6
S3,P75,278,3
S3,P76,191,4
S3,P77,135,6
S3,P78,248,3
S3,P79,153,6
S3,P80,190,4
S3,P81,87,7
S3,P82,59,2
S3,P83,112,7
S3,P84,191,4
S3,P85,52,7
S3,P86,158,7
S3,P87,137,3
S3,P88,180,7
S3,P89,133,3
S3,P90,58,6
S3,P91,214,3
S3,P92,265,4
S3,P93,136,4
S3,P94,268,7
S3,P95,150,7
S3,P96,64,6
S3,P97,262,2
S3,P98,299,5
S3,P99,263,6
S3,P100,234,5
S4,P1,252,7
S4,P2,177,2
S4,P3,221,4
S4,P4,108,4
S4,P5,83,5
S4,P6,112,6
S4,P7,279,3
S4,P8,81,5
S4,P9,282,7
S4,P10,191,6
S4,P11,217,5
S4,P12,159,6
S4,P13,241,5
S4,P14,220,5
S4,P15,140,2
S4,P16,94,4
S4,P17,277,5
S4,P18,296,3
S4,P19,279,7
S4,P20,188,6
S4,P21,113,2
S4,P22,230,6
S4,P23,95,3
S4,P24,177,3
S4,P25,267,4
S4,P26,173,7
S4,P27,73,2
S4,P28,96,2
S4,P29,206,7
S4,P30,76,3
S4,P31,162,4
S4,P32,193,3
S4,P33,77,6
S4,P34,247,3
S4,P35,59,2
S4,P36,59,7
S4,P37,164,2
S4,P38,205,5
S4,P39,170,2
S4,P40,287,3
S4,P41,100,3
S4,P42,201,3
S4,P43,215,6
S4,P44,214,3
S4,P45,99,6
S4,P46,236,7
S4,P47,100,7
S4,P48,79,2
S4,P49,129,5
S4,P50,168,5
S4,P51,185,7
S4,P52,230,3
S4,P53,232,2
S4,P54,179,4
S4,P55,201,5
S4,P56,120,5
S4,P57,185,4
S4,P58,53,7
S4,P59,184,5
S4,P60,168,7
S4,P61,253,4
S4,P62,256,7
S4,P63,76,4
S4,P64,284,7
S4,P65,165,5
S4,P66,248,7
S4,P67,171,4
S4,P68,67,5
S4,P69,158,5
S4,P70,220,2
S4,P71,73,7
S4,P72,166,2
S4,P73,243,5
S4,P74,89,2
S4,P75,223,4
S4,P76,264,6
S4,P77,182,4
S4,P78,144,6
S4,P79,91,7
S4,P80,163,3
S4,P81,123,6
S4,P82,258,3
S4,P83,297,2
S4,P84,249,2
S4,P85,267,6
S4,P86,106,7
S4,P87,52,4
S4,P88,73,6
S4,P89,200,3
S4,P90,220,7
S4,P91,92,5
S4,P92,207,2
S4,P93,56,7
S4,P94,183,4
S4,P95,131,2
S4,P96,258,3
S4,P97,295,6
S4,P98,243,6
S4,P99,229,3
S4,P100,245,2
S5,P1,95,3
S5,P2,76,2
S5,P3,87,2
S5,P4,74,7
S5,P5,165,6
S5,P6,266,5
S5,P7,296,6
S5,P8,236,7
S5,P9,110,6
S5,P10,205,3
S5,P11,109,2
S5,P12,75,3
S5,P13,294,7
S5,P14,114,3
S5,P15,267,2
S5,P16,79,7
S5,P17,175,3
S5,P18,141,7
S5,P19,148,7
S5,P20,198,2
S5,P21,210,4
S5,P22,261,2
S5,P23,279,4
S5,P24,241,5
S5,P25,145,7
S5,P26,104,6
S5,P27,146,4
S5,P28,136,3
S5,P29,112,6
S5,P30,162,5
S5,P31,278,2
S5,P32,103,7
S5,P33,174,5
S5,P34,256,6
S5,P35,138,2
S5,P36,180,4
S5,P37,300,3
S5,P38,263,3
S5,P39,294,5
S5,P40,207,7
S5,P41,118,3
S5,P42,83,5
S5,P43,65,7
S5,P44,58,3
S5,P45,100,5
S5,P46,121,6
S5,P47,109,2
S5,P48,200,5
S5,P49,74,4
S5,P50,100,4
S5,P51,288,4
S5,P52,256,6
S5,P53,181,6
S5,P54,299,7
S5,P55,258,3
S5,P56,266,5
S5,P57,92,4
S5,P58,158,4
S5,P59,276,3
S5,P60,198,5
S5,P61,245,6
S5,P62,278,4
S5,P63,89,3
S5,P64,208,4
S5,P65,74,2
S5,P66,220,3
S5,P67,101,4
S5,P68,96,4
S5,P69,240,3
S5,P70,53,7
S5,P71,115,2
S5,P72,137,3
S5,P73,76,3
S5,P74,260,2
S5,P75,283,5
S5,P76,296,5
S5,P77,234,4
S5,P78,215,3
S5,P79,258,4
S5,P80,225,4
S5,P81,212,7
S5,P82,129,2
S5,P83,190,2
S5,P84,213,4
S5,P85,133,3
S5,P86,173,3
S5,P87,109,3
S5,P88,234,3
S5,P89,50,3
S5,P90,263,7
S5,P91,178,5
S5,P92,132,5
S5,P93,169,5
S5,P94,272,3
S5,P95,220,6
S5,P96,279,6
S5,P97,68,4
S5,P98,200,4
S5,P99,75,5
S5,P100,157,4
S6,P1,78,6
S6,P2,111,3
S6,P3,211,2
S6,P4,73,6
S6,P5,214,2
S6,P6,292,2
S6,P7,98,4
S6,P8,219,7
S6,P9,80,7
S6,P10,56,6
S6,P11,196,2
S6,P12,112,3
S6,P13,89,6
S6,P14,291,4
S6,P15,292,4
S6,P16,215,5
S6,P17,158,4
S6,P18,60,3
S6,P19,185,3
S6,P20,229,2
S6,P21,156,6
S6,P22,169,4
S6,P23,119,4
S6,P24,282,3
S6,P25,110,6
S6,P26,257,4
S6,P27,83,6
S6,P28,63,7
S6,P29,137,5
S6,P30,112,7
S6,P31,137,5
S6,P32,175,2
S6,P33,86,2
S6,P34,179,3
S6,P35,119,4
S6,P36,162,4
S6,P37,171,3
S6,P38,155,6
S6,P39,170,6
S6,P40,109,2
S6,P41,186,4
S6,P42,182,7
S6,P43,175,7
S6,P44,237,5
S6,P45,243,3
S6,P46,98,3
S6,P47,62,5
S6,P48,119,5
S6,P49,216,4
S6,P50,92,4
S6,P51,130,2
S6,P52,295,7
S6,P53,293,3
S6,P54,267,3
S6,P55,260,7
S6,P56,271,2
S6,P57,188,2
S6,P58,174,4
S6,P59,118,6
S6,P60,144,7
S6,P61,99,5
S6,P62,85,4
S6,P63,91,4
S6,P64,195,7
S6,P65,259,5
S6,P66,145,7
S6,P67,217,3
S6,P68,75,5
S6,P69,199,6
S6,P70,145,2
S6,P71,249,7
S6,P72,140,6
S6,P73,180,7
S6,P74,284,4
S6,P75,209,7
S6,P76,273,3
S6,P77,53,2
S6,P78,84,6
S6,P79,104,6
S6,P80,100,5
S6,P81,193,7
S6,P82,120,5
S6,P83,186,6
S6,P84,300,7
S6,P85,173,3
S6,P86,249,6
S6,P87,209,4
S6,P88,105,6
S6,P89,232,4
S6,P90,230,5
S6,P91,266,6
S6,P92,232,6
S6,P93,253,7
S6,P94,100,2
S6,P95,179,5
S6,P96,235,4
S6,P97,276,2
S6,P98,87,2
S6,P99,62,6
S6,P100,234,5
S7,P1,276,5
S7,P2,124,6
S7,P3,257,3
S7,P4,93,3
S7,P5,121,7
S7,P6,111,7
S7,P7,276,4
S7,P8,163,5
S7,P9,112,6
S7,P10,114,2
S7,P11,151,4
S7,P12,137,4
S7,P13,225,7
S7,P14,152,4
S7,P15,160,3
S7,P16,154,5
S7,P17,216,4
S7,P18,196,5
S7,P19,258,6
S7,P20,82,5
S7,P21,248,7
S7,P22,182,7
S7,P23,214,3
S7,P24,154,4
S7,P25,223,5
S7,P26,270,5
S7,P27,151,4
S7,P28,154,5
S7,P29,224,4
S7,P30,257,2
S7,P31,237,5
S7,P32,120,5
S7,P33,268,7
S7,P34,292,4
S7,P35,153,3
S7,P36,139,3
S7,P37,255,2
S7,P38,258,5
S7,P39,223,4
S7,P40,102,6
S7,P41,104,5
S7,P42,63,2
S7,P43,220,3
S7,P44,149,7
S7,P45,63,6
S7,P46,266,4
S7,P47,84,3
S7,P48,212,5
S7,P49,90,2
S7,P50,72,7
S7,P51,115,3
S7,P52,248,3
S7,P53,187,4
S7,P54,158,5
S7,P55,220,3
S7,P56,138,2
S7,P57,244,2
S7,P58,68,6
S7,P59,188,5
S7,P60,163,6
S7,P61,85,6
S7,P62,276,5
S7,P63,203,3
S7,P64,237,5
S7,P65,74,5
S7,P66,175,7
S7,P67,198,4
S7,P68,215,3
S7,P69,134,5
S7,P70,254,5
S7,P71,210,6
S7,P72,195,6
S7,P73,281,5
S7,P74,179,7
S7,P75,119,5
S7,P76,196,2
S7,P77,215,5
S7,P78,245,4
S7,P79,74,4
S7,P80,91,7
S7,P81,79,4
S7,P82,247,6
S7,P83,139,5
S7,P84,278,2
S7,P85,93,2
S7,P86,269,4
S7,P87,259,2
S7,P88,185,6
S7,P89,105,3
S7,P90,104,5
S7,P91,152,4
S7,P92,120,6
S7,P93,68,7
S7,P94,80,6
S7,P95,293,6
S7,P96,181,3
S7,P97,134,2
S7,P98,120,7
S7,P99,162,7
S7,P100,268,5
S8,P1,66,7
S8,P2,126,2
S8,P3,181,6
S8,P4,259,4
S8,P5,227,4
S8,P6,120,2
S8,P7,138,3
S8,P8,203,7
S8,P9,61,5
S8,P10,288,6
S8,P11,179,4
S8,P12,164,3
S8,P13,278,7
S8,P14,127,7
S8,P15,136,5
S8,P16,60,6
S8,P17,290,3
S8,P18,168,3
S8,P19,209,3
S8,P20,112,2
S8,P21,82,6
S8,P22,295,6
S8,P23,62,7
S8,P24,173,7
S8,P25,221,4
S8,P26,201,5
S8,P27,229,5
S8,P28,209,6
S8,P29,268,5
S8,P30,141,6
S8,P31,108,7
S8,P32,139,4
S8,P33,294,4
S8,P34,182,5
S8,P35,72,7
S8,P36,163,7
S8,P37,63,2
S8,P38,242,7
S8,P39,58,2
S8,P40,276,2
S8,P41,50,7
S8,P42,171,4
S8,P43,68,6
S8,P44,295,7
S8,P45,201,6
S8,P46,90,6
S8,P47,65,4
S8,P48,120,5
S8,P49,134,2
S8,P50,169,7
S8,P51,111,2
S8,P52,114,5
S8,P53,258,7
S8,P54,253,2
S8,P55,288,4
S8,P56,178,4
S8,P57,236,4
S8,P58,96,7
S8,P59,194,2
S8,P60,157,3
S8,P61,91,3
S8,P62,250,7
S8,P63,93,2
S8,P64,218,7
S8,P65,216,5
S8,P66,232,5
S8,P67,54,4
S8,P68,185,4
S8,P69,135,3
S8,P70,283,6
S8,P71,177,3
S8,P72,197,5
S8,P73,290,4
S8,P74,266,7
S8,P75,211,6
S8,P76,75,2
S8,P77,230,5
S8,P78,51,6
S8,P79,215,7
S8,P80,269,4
S8,P81,265,2
S8,P82,226,6
S8,P83,89,2
S8,P84,123,2
S8,P85,265,7
S8,P86,92,3
S8,P87,179,7
S8,P88,248,5
S8,P89,249,7
S8,P90,62,5
S8,P91,113,4
S8,P92,78,2
S8,P93,80,7
S8,P94,157,7
S8,P95,98,7
S8,P96,263,2
S8,P97,270,6
S8,P98,99,7
S8,P99,182,6
S8,P100,273,2
S9,P1,226,5
S9,P2,141,2
S9,P3,171,3
S9,P4,297,7
S9,P5,119,3
S9,P6,85,4
S9,P7,164,3
S9,P8,294,4
S9,P9,98,6
S9,P10,279,3
S9,P11,87,6
S9,P12,51,5
S9,P13,79,4
S9,P14,291,3
S9,P15,79,4
S9,P16,232,7
S9,P17,254,6
S9,P18,112,6
S9,P19,139,4
S9,P20,68,7
S9,P21,271,6
S9,P22,166,4
S9,P23,195,4
S9,P24,178,3
S9,P25,69,4
S9,P26,85,2
S9,P27,110,2
S9,P28,137,7
S9,P29,145,3
S9,P30,235,7
S9,P31,296,4
S9,P32,133,3
S9,P33,134,4
S9,P34,264,7
S9,P35,235,4
S9,P36,94,2
S9,P37,242,3
S9,P38,243,7
S9,P39,125,3
S9,P40,218,7
S9,P41,235,2
S9,P42,271,6
S9,P43,237,7
S9,P44,72,4
S9,P45,250,6
S9,P46,69,4
S9,P47,64,3
S9,P48,109,4
S9,P49,106,3
S9,P50,229,3
S9,P51,194,3
S9,P52,185,2
S9,P53,243,3
S9,P54,167,7
S9,P55,135,4
S9,P56,286,2
S9,P57,134,3
S9,P58,250,2
S9,P59,192,3
S9,P60,224,7
S9,P61,266,6
S9,P62,240,7
S9,P63,57,6
S9,P64,174,4
S9,P65,259,5
S9,P66,83,6
S9,P67,68,4
S9,P68,112,4
S9,P69,149,5
S9,P70,53,4
S9,P71,131,5
S9,P72,194,4
S9,P73,291,3
S9,P74,275,2
S9,P75,211,2
S9,P76,55,3
S9,P77,66,3
S9,P78,128,6
S9,P79,137,2
S9,P80,279,4
S9,P81,288,7
S9,P82,175,2
S9,P83,64,5
S9,P84,110,6
S9,P85,70,3
S9,P86,296,2
S9,P87,273,2
S9,P88,89,2
S9,P89,207,6
S9,P90,247,6
S9,P91,51,2
S9,P92,64,7
S9,P93,246,3
S9,P94,104,4
S9,P95,76,5
S9,P96,127,4
S9,P97,112,7
S9,P98,203,3
S9,P99,96,5
S9,P100,226,2
S10,P1,256,3
S10,P2,195,6
S10,P3,120,5
S10,P4,262,6
S10,P5,186,3
S10,P6,233,5
S10,P7,62,5
S10,P8,175,7
S10,P9,163,5
S10,P10,61,3
S10,P11,165,4
S10,P12,188,4
S10,P13,99,5
S10,P14,274,3
S10,P15,69,5
S10,P16,99,3
S10,P17,207,2
S10,P18,60,2
S10,P19,90,6
S10,P20,135,6
S10,P21,163,2
S10,P22,119,3
S10,P23,189,4
S10,P24,115,5
S10,P25,57,3
S10,P26,238,3
S10,P27,215,7
S10,P28,103,2
S10,P29,155,5
S10,P30,102,3
S10,P31,121,2
S10,P32,78,7
S10,P33,279,2
S10,P34,108,5
S10,P35,253,5
S10,P36,283,4
S10,P37,288,5
S10,P38,205,5
S10,P39,276,2
S10,P40,258,3
S10,P41,259,2
S10,P42,97,5
S10,P43,156,5
S10,P44,264,4
S10,P45,265,3
S10,P46,105,6
S10,P47,133,6
S10,P48,136,2
S10,P49,78,6
S10,P50,215,3
S10,P51,135,2
S10,P52,212,4
S10,P53,221,6
S10,P54,91,5
S10,P55,89,5
S10,P56,116,6
S10,P57,212,7
S10,P58,94,2
S10,P59,59,3
S10,P60,70,2
S10,P61,214,5
S10,P62,109,2
S10,P63,232,6
S10,P64,207,3
S10,P65,290,6
S10,P66,241,4
S10,P67,228,6
S10,P68,145,6
S10,P69,299,7
S10,P70,153,2
S10,P71,212,5
S10,P72,213,4
S10,P73,110,7
S10,P74,101,3
S10,P75,253,3
S10,P76,163,2
S10,P77,297,2
S10,P78,76,3
S10,P79,155,6
S10,P80,126,7
S10,P81,149,4
S10,P82,157,5
S10,P83,200,3
S10,P84,60,3
S10,P85,118,7
S10,P86,208,7
S10,P87,286,7
S10,P88,126,7
S10,P89,73,6
S10,P90,242,4
S10,P91,293,3
S10,P92,216,5
S10,P93,180,5
S10,P94,158,6
S10,P95,275,3
S10,P96,105,4
S10,P97,221,6
S10,P98,153,4
S10,P99,259,4
S10,P100,82,4
S11,P1,276,4
S11,P2,265,5
S11,P3,125,7
S11,P4,143,7
S11,P5,263,7
S11,P6,200,4
S11,P7,236,7
S11,P8,76,3
S11,P9,129,2
S11,P10,78,3
S11,P11,206,7
S11,P12,251,5
S11,P13,164,3
S11,P14,220,7
S11,P15,204,4
S11,P16,68,7
S11,P17,190,4
S11,P18,228,6
S11,P19,158,5
S11,P20,252,5
S11,P21,204,2
S11,P22,248,3
S11,P23,142,3
S11,P24,63,2
S11,P25,138,6
S11,P26,210,7
S11,P27,249,4
S11,P28,207,5
S11,P29,100,5
S11,P30,181,7
S11,P31,247,7
S11,P32,85,2
S11,P33,171,4
S11,P34,276,4
S11,P35,58,3
S11,P36,63,7
S11,P37,121,5
S11,P38,147,5
S11,P39,144,6
S11,P40,117,3
S11,P41,156,7
S11,P42,225,4
S11,P43,87,4
S11,P44,283,3
S11,P45,213,7
S11,P46,291,2
S11,P47,164,4
S11,P48,193,4
S11,P49,172,5
S11,P50,165,2
S11,P51,181,6
S11,P52,129,2
S11,P53,178,3
S11,P54,196,6
S11,P55,206,3
S11,P56,104,3
S11,P57,221,3
S11,P58,219,6
S11,P59,206,6
S11,P60,133,5
S11,P61,242,3
S11,P62,176,5
S11,P63,102,2
S11,P64,264,2
S11,P65,86,6
S11,P66,231,6
S11,P67,191,3
S11,P68,93,4
S11,P69,181,4
S11,P70,100,6
S11,P71,280,2
S11,P72,82,5
S11,P73,134,6
S11,P74,92,5
S11,P75,56,2
S11,P76,225,5
S11,P77,282,3
S11,P78,187,6
S11,P79,181,2
S11,P80,268,7
S11,P81,211,2
S11,P82,241,7
S11,P83,68,3
S11,P84,262,7
S11,P85,118,2
S11,P86,211,2
S11,P87,215,5
S11,P88,178,3
S11,P89,97,4
S11,P90,255,7
S11,P91,279,5
S11,P92,60,5
S11,P93,120,4
S11,P94,119,3
S11,P95,139,5
S11,P96,109,4
S11,P97,293,7
S11,P98,95,4
S11,P99,229,7
S11,P100,294,7
S12,P1,193,7
S12,P2,261,3
S12,P3,299,6
S12,P4,270,7
S12,P5,239,5
S12,P6,231,6
S12,P7,61,2
S12,P8,165,4
S12,P9,69,6
S12,P10,235,7
S12,P11,198,7
S12,P12,295,4
S12,P13,115,4
S12,P14,150,3
S12,P15,124,4
S12,P16,161,4
S12,P17,285,3
S12,P18,205,7
S12,P19,237,2
S12,P20,287,6
S12,P21,53,6
S12,P22,251,4
S12,P23,265,3
S12,P24,262,5
S12,P25,67,2
S12,P26,195,6
S12,P27,69,6
S12,P28,242,5
S12,P29,207,2
S12,P30,222,2
S12,P31,138,4
S12,P32,108,3
S12,P33,213,6
S12,P34,118,6
S12,P35,185,2
S12,P36,110,6
S12,P37,154,2
S12,P38,63,7
S12,P39,295,2
S12,P40,280,3
S12,P41,159,4
S12,P42,151,2
S12,P43,160,2
S12,P44,172,6
S12,P45,197,2
S12,P46,54,5
S12,P47,128,6
S12,P48,268,6
S12,P49,118,5
S12,P50,91,2
S12,P51,218,3
S12,P52,89,5
S12,P53,67,3
S12,P54,250,2
S12,P55,262,4
S12,P56,62,4
S12,P57,150,5
S12,P58,235,4
S12,P59,278,3
S12,P60,245,7
S12,P61,96,6
S12,P62,66,6
S12,P63,93,6
S12,P64,112,4
S12,P65,212,3
S12,P66,270,2
S12,P67,173,7
S12,P68,165,7
S12,P69,278,3
S12,P70,165,3
S12,P71,299,5
S12,P72,266,7
S12,P73,189,2
S12,P74,100,6
S12,P75,133,3
S12,P76,240,4
S12,P77,249,3
S12,P78,97,7
S12,P79,241,2
S12,P80,174,4
S12,P81,280,5
S12,P82,186,3
S12,P83,53,6
S12,P84,238,5
S12,P85,198,3
S12,P86,178,4
S12,P87,166,3
S12,P88,291,2
S12,P89,134,4
S12,P90,230,7
S12,P91,137,5
S12,P92,116,5
S12,P93,193,6
S12,P94,56,2
S12,P95,259,7
S12,P96,135,5
S12,P97,153,7
S12,P98,288,5
S12,P99,238,2
S12,P100,135,2
S13,P1,142,2
S13,P2,115,2
S13,P3,290,6
S13,P4,81,4
S13,P5,279,3
S13,P6,134,7
S13,P7,101,6
S13,P8,76,4
S13,P9,274,6
S13,P10,232,3
S13,P11,51,3
S13,P12,287,3
S13,P13,80,3
S13,P14,87,2
S13,P15,218,5
S13,P16,116,2
S13,P17,197,7
S13,P18,284,2
S13,P19,233,7
S13,P20,189,2
S13,P21,191,3
S13,P22,172,3
S13,P23,81,6
S13,P24,64,7
S13,P25,135,4
S13,P26,62,5
S13,P27,253,5
S13,P28,200,2
S13,P29,101,2
S13,P30,67,6
S13,P31,182,5
S13,P32,68,3
S13,P33,112,3
S13,P34,120,5
S13,P35,75,5
S13,P36,117,7
S13,P37,211,6
S13,P38,124,4
S13,P39,232,6
S13,P40,271,6
S13,P41,127,2
S13,P42,228,7
S13,P43,140,4
S13,P44,152,2
S13,P45,276,3
S13,P46,122,6
S13,P47,290,5
S13,P48,113,3
S13,P49,275,7
S13,P50,69,4
S13,P51,108,5
S13,P52,270,5
S13,P53,64,2
S13,P54,288,5
S13,P55,208,7
S13,P56,170,3
S13,P57,69,2
S13,P58,248,7
S13,P59,116,6
S13,P60,104,2
S13,P61,199,3
S13,P62,189,3
S13,P63,203,5
S13,P64,205,6
S13,P65,164,7
S13,P66,241,4
S13,P67,130,7
S13,P68,113,6
S13,P69,178,5
S13,P70,234,7
S13,P71,220,7
S13,P72,148,5
S13,P73,139,3
S13,P74,213,7
S13,P75,158,5
S13,P76,276,6
S13,P77,233,3
S13,P78,234,4
S13,P79,277,3
S13,P80,58,2
S13,P81,109,3
S13,P82,176,6
S13,P83,246,4
S13,P84,149,6
S13,P85,267,7
S13,P86,101,6
S13,P87,173,7
S13,P88,115,5
S13,P89,239,2
S13,P90,74,6
S13,P91,108,3
S13,P92,276,7
S13,P93,187,5
S13,P94,79,4
S13,P95,185,5
S13,P96,249,4
S13,P97,185,2
S13,P98,64,2
S13,P99,291,5
S13,P100,252,6
S14,P1,241,3
S14,P2,81,4
S14,P3,257,3
S14,P4,70,6
S14,P5,60,5
S14,P6,214,7
S14,P7,187,2
S14,P8,221,3
S14,P9,247,3
S14,P10,133,5
S14,P11,189,3
S14,P12,123,6
S14,P13,64,4
S14,P14,121,6
S14,P15,184,3
S14,P16,234,7
S14,P17,161,7
S14,P18,149,5
S14,P19,141,6
S14,P20,165,2
S14,P21,131,2
S14,P22,271,2
S14,P23,149,5
S14,P24,75,6
S14,P25,86,5
S14,P26,174,7
S14,P27,245,7
S14,P28,68,7
S14,P29,279,3
S14,P30,173,4
S14,P31,296,4
S14,P32,229,4
S14,P33,114,3
S14,P34,229,4
S14,P35,97,7
S14,P36,104,6
S14,P37,190,3
S14,P38,199,4
S14,P39,269,2
S14,P40,235,4
S14,P41,134,4
S14,P42,290,7
S14,P43,165,2
S14,P44,147,3
S14,P45,95,4
S14,P46,201,5
S14,P47,105,6
S14,P48,146,2
S14,P49,105,5
S14,P50,102,3
S14,P51,97,4
S14,P52,270,5
S14,P53,156,6
S14,P54,55,4
S14,P55,77,7
S14,P56,296,6
S14,P57,261,7
S14,P58,169,5
S14,P59,158,6
S14,P60,118,7
S14,P61,74,6
S14,P62,280,3
S14,P63,253,2
S14,P64,233,4
S14,P65,65,3
S14,P66,230,6
S14,P67,55,4
S14,P68,161,3
S14,P69,212,6
S14,P70,134,6
S14,P71,228,7
S14,P72,172,7
S14,P73,100,7
S14,P74,126,3
S14,P75,283,7
S14,P76,70,6
S14,P77,90,3
S14,P78,93,3
S14,P79,163,4
S14,P80,118,3
S14,P81,82,7
S14,P82,254,6
S14,P83,294,5
S14,P84,274,7
S14,P85,149,2
S14,P86,134,3
S14,P87,141,7
S14,P88,234,2
S14,P89,56,6
S14,P90,138,2
S14,P91,145,3
S14,P92,217,5
S14,P93,121,2
S14,P94,282,5
S14,P95,63,6
S14,P96,246,2
S14,P97,274,3
S14,P98,248,5
S14,P99,143,6
S14,P100,200,5
S15,P1,204,5
S15,P2,285,7
S15,P3,248,5
S15,P4,227,7
S15,P5,247,7
S15,P6,135,4
S15,P7,107,2
S15,P8,157,2
S15,P9,77,7
S15,P10,115,3
S15,P11,189,6
S15,P12,208,4
S15,P13,287,3
S15,P14,146,7
S15,P15,259,3
S15,P16,181,7
S15,P17,110,7
S15,P18,133,5
S15,P19,60,7
S15,P20,260,4
S15,P21,284,5
S15,P22,168,4
S15,P23,168,5
S15,P24,297,4
S15,P25,88,4
S15,P26,57,5
S15,P27,58,6
S15,P28,206,2
S15,P29,198,2
S15,P30,190,2
S15,P31,273,7
S15,P32,235,6
S15,P33,289,7
S15,P34,297,2
S15,P35,266,2
S15,P36,160,7
S15,P37,284,6
S15,P38,101,3
S15,P39,81,4
S15,P40,78,4
S15,P41,103,5
S15,P42,193,3
S15,P43,181,3
S15,P44,137,7
S15,P45,74,2
S15,P46,211,2
S15,P47,226,5
S15,P48,219,4
S15,P49,156,3
S15,P50,86,2
S15,P51,287,7
S15,P52,212,7
S15,P53,292,5
S15,P54,152,4
S15,P55,100,4
S15,P56,200,6
S15,P57,245,3
S15,P58,53,3
S15,P59,110,5
S15,P60,269,4
S15,P61,71,6
S15,P62,138,5
S15,P63,254,7
S15,P64,87,5
S15,P65,177,3
S15,P66,241,6
S15,P67,267,6
S15,P68,125,2
S15,P69,152,6
S15,P70,280,7
S15,P71,225,7
S15,P72,211,2
S15,P73,204,7
S15,P74,128,5
S15,P75,166,6
S15,P76,65,5
S15,P77,271,6
S15,P78,59,6
S15,P79,182,7
S15,P80,229,6
S15,P81,199,5
S15,P82,138,6
S15,P83,145,7
S15,P84,97,7
S15,P85,263,7
S15,P86,199,4
S15,P87,223,5
S15,P88,78,7
S15,P89,113,4
S15,P90,127,4
S15,P91,98,2
S15,P92,86,3
S15,P93,256,5
S15,P94,288,3
S15,P95,84,6
S15,P96,255,5
S15,P97,115,7
S15,P98,276,2
S15,P99,248,5
S15,P100,135,2
S16,P1,132,4
S16,P2,130,6
S16,P3,147,3
S16,P4,56,5
S16,P5,250,4
S16,P6,143,6
S16,P7,69,7
S16,P8,191,2
S16,P9,112,7
S16,P10,213,4
S16,P11,99,6
S16,P12,57,6
S16,P13,70,2
S16,P14,146,5
S16,P15,120,2
S16,P16,101,7
S16,P17,218,7
S16,P18,178,4
S16,P19,171,7
S16,P20,78,4
S16,P21,110,4
S16,P22,58,3
S16,P23,117,4
S16,P24,277,2
S16,P25,103,2
S16,P26,58,6
S16,P27,223,4
S16,P28,299,3
S16,P29,281,7
S16,P30,112,5
S16,P31,198,5
S16,P32,167,3
S16,P33,206,7
S16,P34,150,5
S16,P35,234,6
S16,P36,246,3
S16,P37,259,7
S16,P38,154,5
S16,P39,174,6
S16,P40,193,4
S16,P41,85,7
S16,P42,297,5
S16,P43,240,7
S16,P44,109,5
S16,P45,64,2
S16,P46,82,6
S16,P47,157,4
S16,P48,179,5
S16,P49,251,7
S16,P50,176,5
S16,P51,300,6
S16,P52,285,4
S16,P53,59,5
S16,P54,207,3
S16,P55,183,4
S16,P56,149,3
S16,P57,56,4
S16,P58,270,2
S16,P59,120,2
S16,P60,241,6
S16,P61,197,3
S16,P62,178,5
S16,P63,180,6
S16,P64,226,4
S16,P65,99,4
S16,P66,119,7
S16,P67,126,7
S16,P68,235,2
S16,P69,105,3
S16,P70,71,6
S16,P71,242,2
S16,P72,296,5
S16,P73,210,7
S16,P74,68,7
S16,P75,173,3
S16,P76,67,2
S16,P77,130,4
S16,P78,252,2
S16,P79,156,3
S16,P80,223,3
S16,P81,201,3
S16,P82,178,6
S16,P83,144,6
S16,P84,162,7
S16,P85,143,4
S16,P86,258,6
S16,P87,267,5
S16,P88,276,7
S16,P89,157,2
S16,P90,200,6
S16,P91,296,7
S16,P92,227,6
S16,P93,205,4
S16,P94,69,4
S16,P95,237,7
S16,P96,292,5
S16,P97,100,6
S16,P98,60,6
S16,P99,57,5
S16,P100,247,3
S17,P1,135,5
S17,P2,278,4
S17,P3,92,3
S17,P4,119,6
S17,P5,130,2
S17,P6,189,3
S17,P7,198,5
S17,P8,149,4
S17,P9,296,5
S17,P10,149,2
S17,P11,199,3
S17,P12,262,5
S17,P13,53,5
S17,P14,213,3
S17,P15,63,7
S17,P16,98,6
S17,P17,126,4
S17,P18,258,5
S17,P19,114,2
S17,P20,229,7
S17,P21,283,6
S17,P22,287,7
S17,P23,175,7
S17,P24,216,5
S17,P25,156,6
S17,P26,214,3
S17,P27,111,4
S17,P28,71,5
S17,P29,201,5
S17,P30,177,3
S17,P31,257,7
S17,P32,242,2
S17,P33,162,3
S17,P34,217,3
S17,P35,106,5
S17,P36,259,4
S17,P37,85,6
S17,P38,199,4
S17,P39,212,7
S17,P40,271,6
S17,P41,298,2
S17,P42,54,2
S17,P43,245,7
S17,P44,50,3
S17,P45,141,7
S17,P46,268,3
S17,P47,158,5
S17,P48,57,6
S17,P49,69,2
S17,P50,108,3
S17,P51,256,4
S17,P52,72,3
S17,P53,86,2
S17,P54,290,4
S17,P55,203,7
S17,P56,119,2
S17,P57,197,6
S17,P58,87,5
S17,P59,89,5
S17,P60,297,3
S17,P61,241,3
S17,P62,212,2
S17,P63,150,4
S17,P64,178,6
S17,P65,194,3
S17,P66,282,6
S17,P67,97,2
S17,P68,210,3
S17,P69,89,5
S17,P70,245,7
S17,P71,259,5
S17,P72,117,2
S17,P73,191,3
S17,P74,231,5
S17,P75,124,4
S17,P76,133,5
S17,P77,168,3
S17,P78,218,4
S17,P79,143,2
S17,P80,226,5
S17,P81,171,4
S17,P82,271,5
S17,P83,139,5
S17,P84,94,4
S17,P85,50,5
S17,P86,163,5
S17,P87,172,7
S17,P88,66,3
S17,P89,68,2
S17,P90,66,3
S17,P91,289,4
S17,P92,103,4
S17,P93,107,2
S17,P94,130,4
S17,P95,206,3
S17,P96,264,6
S17,P97,174,2
S17,P98,93,6
S17,P99,271,6
S17,P100,57,2
S18,P1,202,7
S18,P2,58,6
S18,P3,248,3
S18,P4,227,5
S18,P5,134,2
S18,P6,250,5
S18,P7,223,6
S18,P8,88,3
S18,P9,274,7
S18,P10,300,3
S18,P11,258,5
S18,P12,210,3
S18,P13,286,4
S18,P14,234,2
S18,P15,238,3
S18,P16,112,4
S18,P17,258,3
S18,P18,73,3
S18,P19,253,5
S18,P20,231,6
S18,P21,232,3
S18,P22,154,6
S18,P23,116,2
S18,P24,206,2
S18,P25,181,5
S18,P26,61,3
S18,P27,106,5
S18,P28,120,2
S18,P29,237,7
S18,P30,65,4
S18,P31,279,3
S18,P32,55,2
S18,P33,176,3
S18,P34,254,3
S18,P35,143,5
S18,P36,272,7
S18,P37,63,2
S18,P38,290,7
S18,P39,220,2
S18,P40,289,3
S18,P41,70,7
S18,P42,248,2
S18,P43,124,4
S18,P44,95,3
S18,P45,287,6
S18,P46,115,4
S18,P47,299,7
S18,P48,283,2
S18,P49,87,4
S18,P50,215,3
S18,P51,95,6
S18,P52,294,7
S18,P53,153,6
S18,P54,64,3
S18,P55,233,7
S18,P56,284,6
S18,P57,142,2
S18,P58,199,3
S18,P59,180,2
S18,P60,196,2
S18,P61,185,2
S18,P62,121,5
S18,P63,134,5
S18,P64,157,2
S18,P65,143,7
S18,P66,114,4
S18,P67,176,7
S18,P68,233,3
S18,P69,265,4
S18,P70,152,5
S18,P71,269,6
S18,P72,104,2
S18,P73,250,2
S18,P74,128,4
S18,P75,97,6
S18,P76,61,6
S18,P77,277,4
S18,P78,144,5
S18,P79,86,3
S18,P80,268,7
S18,P81,274,4
S18,P82,208,6
S18,P83,256,5
S18,P84,252,2
S18,P85,132,6
S18,P86,298,7
S18,P87,66,7
S18,P88,191,7
S18,P89,115,2
S18,P90,57,2
S18,P91,218,5
S18,P92,57,3
S18,P93,64,4
S18,P94,245,2
S18,P95,181,4
S18,P96,139,3
S18,P97,195,2
S18,P98,239,2
S18,P99,184,6
S18,P100,233,2
S19,P1,135,7
S19,P2,177,6
S19,P3,69,6
S19,P4,107,3
S19,P5,134,5
S19,P6,207,2
S19,P7,232,7
S19,P8,270,6
S19,P9,264,6
S19,P10,266,5
S19,P11,86,3
S19,P12,284,5
S19,P13,146,7
S19,P14,236,7
S19,P15,116,7
S19,P16,272,2
S19,P17,140,4
S19,P18,278,3
S19,P19,212,7
S19,P20,153,2
S19,P21,227,7
S19,P22,128,3
S19,P23,200,7
S19,P24,123,7
S19,P25,207,2
S19,P26,52,2
S19,P27,99,7
S19,P28,71,5
S19,P29,209,2
S19,P30,254,2
S19,P31,68,5
S19,P32,171,4
S19,P33,289,7
S19,P34,164,7
S19,P35,160,2
S19,P36,186,7
S19,P37,221,6
S19,P38,172,5
S19,P39,151,3
S19,P40,185,2
S19,P41,190,2
S19,P42,142,6
S19,P43,197,6
S19,P44,136,2
S19,P45,300,4
S19,P46,223,7
S19,P47,105,7
S19,P48,248,2
S19,P49,245,4
S19,P50,187,7
S19,P51,290,5
S19,P52,252,4
S19,P53,146,5
S19,P54,251,2
S19,P55,222,7
S19,P56,211,4
S19,P57,285,3
S19,P58,298,3
S19,P59,268,5
S19,P60,99,5
S19,P61,299,6
S19,P62,216,6
S19,P63,286,5
S19,P64,256,6
S19,P65,222,7
S19,P66,262,2
S19,P67,226,5
S19,P68,84,7
S19,P69,117,3
S19,P70,53,3
S19,P71,224,5
S19,P72,141,5
S19,P73,244,7
S19,P74,86,6
S19,P75,265,4
S19,P76,120,7
S19,P77,165,6
S19,P78,300,5
S19,P79,90,2
S19,P80,267,7
S19,P81,74,7
S19,P82,59,7
S19,P83,134,5
S19,P84,297,4
S19,P85,155,7
S19,P86,166,2
S19,P87,73,3
S19,P88,174,2
S19,P89,231,5
S19,P90,144,5
S19,P91,70,4
S19,P92,241,6
S19,P93,126,3
S19,P94,158,6
S19,P95,148,6
S19,P96,56,4
S19,P97,260,7
S19,P98,272,5
S19,P99,148,4
S19,P100,224,5
S20,P1,269,7
S20,P2,205,3
S20,P3,116,3
S20,P4,191,2
S20,P5,158,7
S20,P6,145,6
S20,P7,50,6
S20,P8,66,3
S20,P9,64,2
S20,P10,255,2
S20,P11,172,2
S20,P12,61,2
S20,P13,208,7
S20,P14,255,3
S20,P15,219,6
S20,P16,268,2
S20,P17,146,3
S20,P18,133,2
S20,P19,263,6
S20,P20,215,7
S20,P21,199,4
S20,P22,299,2
S20,P23,272,4
S20,P24,88,3
S20,P25,162,5
S20,P26,142,2
S20,P27,60,4
S20,P28,65,5
S20,P29,84,4
S20,P30,250,6
S20,P31,125,5
S20,P32,224,3
S20,P33,191,5
S20,P34,175,2
S20,P35,104,7
S20,P36,255,6
S20,P37,148,7
S20,P38,144,2
S20,P39,294,3
S20,P40,56,7
S20,P41,222,6
S20,P42,83,3
S20,P43,255,4
S20,P44,271,5
S20,P45,119,3
S20,P46,104,5
S20,P47,283,5
S20,P48,183,2
S20,P49,148,5
S20,P50,163,7
S20,P51,215,7
S20,P52,146,4
S20,P53,163,6
S20,P54,299,4
S20,P55,121,6
S20,P56,182,4
S20,P57,68,5
S20,P58,195,6
S20,P59,210,3
S20,P60,236,4
S20,P61,198,6
S20,P62,226,7
S20,P63,98,2
S20,P64,85,2
S20,P65,234,7
S20,P66,212,2
S20,P67,215,7
S20,P68,183,5
S20,P69,164,5
S20,P70,263,6
S20,P71,145,5
S20,P72,263,2
S20,P73,114,4
S20,P74,123,5
S20,P75,267,4
S20,P76,171,4
S20,P77,175,2
S20,P78,56,7
S20,P79,73,2
S20,P80,71,4
S20,P81,100,2
S20,P82,53,3
S20,P83,61,7
S20,P84,263,6
S20,P85,236,5
S20,P86,230,3
S20,P87,256,7
S20,P88,186,7
S20,P89,81,3
S20,P90,267,6
S20,P91,71,4
S20,P92,288,3
S20,P93,297,6
S20,P94,160,7
S20,P95,109,5
S20,P96,257,5
S20,P97,110,6
S20,P98,253,6
S20,P99,266,3
S20,P100,235,3
S21,P1,89,2
S21,P2,90,7
S21,P3,219,4
S21,P4,294,3
S21,P5,157,6
S21,P6,261,4
S21,P7,270,4
S21,P8,257,3
S21,P9,222,7
S21,P10,154,7
S21,P11,231,3
S21,P12,136,6
S21,P13,114,3
S21,P14,261,2
S21,P15,144,5
S21,P16,203,3
S21,P17,275,5
S21,P18,190,3
S21,P19,233,5
S21,P20,97,7
S21,P21,164,6
S21,P22,267,5
S21,P23,250,4
S21,P24,154,6
S21,P25,169,7
S21,P26,291,5
S21,P27,132,3
S21,P28,59,5
S21,P29,51,2
S21,P30,203,4
S21,P31,294,2
S21,P32,224,5
S21,P33,252,4
S21,P34,209,4
S21,P35,164,2
S21,P36,208,4
S21,P37,72,4
S21,P38,159,4
S21,P39,226,2
S21,P40,265,5
S21,P41,138,5
S21,P42,222,5
S21,P43,260,3
S21,P44,217,5
S21,P45,135,6
S21,P46,236,3
S21,P47,143,2
S21,P48,56,4
S21,P49,276,7
S21,P50,180,4
S21,P51,167,6
S21,P52,109,6
S21,P53,118,2
S21,P54,153,5
S21,P55,61,5
S21,P56,94,4
S21,P57,105,7
S21,P58,267,4
S21,P59,205,7
S21,P60,99,3
S21,P61,235,5
S21,P62,295,7
S21,P63,291,2
S21,P64,176,2
S21,P65,108,5
S21,P66,112,7
S21,P67,241,6
S21,P68,254,2
S21,P69,247,6
S21,P70,266,7
S21,P71,80,5
S21,P72,135,3
S21,P73,80,5
S21,P74,193,6
S21,P75,186,7
S21,P76,235,5
S21,P77,232,6
S21,P78,194,5
S21,P79,235,6
S21,P80,292,3
S21,P81,196,3
S21,P82,257,7
S21,P83,119,7
S21,P84,206,3
S21,P85,158,4
S21,P86,108,2
S21,P87,63,5
S21,P88,290,7
S21,P89,67,6
S21,P90,170,3
S21,P91,238,5
S21,P92,237,4
S21,P93,178,2
S21,P94,58,3
S21,P95,58,5
S21,P96,104,3
S21,P97,288,4
S21,P98,122,3
S21,P99,73,4
S21,P100,117,3
S22,P1,231,7
S22,P2,130,4
S22,P3,244,5
S22,P4,296,4
S22,P5,276,3
S22,P6,295,2
S22,P7,209,5
S22,P8,154,7
S22,P9,157,4
S22,P10,170,4
S22,P11,236,6
S22,P12,102,7
S22,P13,240,2
S22,P14,220,4
S22,P15,231,6
S22,P16,232,6
S22,P17,294,2
S22,P18,154,2
S22,P19,224,3
S22,P20,141,4
S22,P21,167,3
S22,P22,262,7
S22,P23,60,4
S22,P24,219,2
S22,P25,192,2
S22,P26,300,5
S22,P27,85,7
S22,P28,261,3
S22,P29,245,2
S22,P30,135,3
S22,P31,138,4
S22,P32,104,6
S22,P33,205,3
S22,P34,205,7
S22,P35,162,2
S22,P36,213,6
S22,P37,251,6
S22,P38,191,4
S22,P39,98,5
S22,P40,228,5
S22,P41,223,3
S22,P42,185,5
S22,P43,163,5
S22,P44,285,4
S22,P45,225,4
S22,P46,152,2
S22,P47,200,4
S22,P48,90,5
S22,P49,291,6
S22,P50,276,4
S22,P51,130,6
S22,P52,260,3
S22,P53,55,2
S22,P54,64,2
S22,P55,154,2
S22,P56,262,3
S22,P57,189,5
S22,P58,276,4
S22,P59,272,3
S22,P60,167,3
S22,P61,138,2
S22,P62,296,7
S22,P63,83,6
S22,P64,240,6
S22,P65,94,3
S22,P66,297,6
S22,P67,148,6
S22,P68,297,5
S22,P69,98,3
S22,P70,110,6
S22,P71,99,3
S22,P72,206,3
S22,P73,221,3
S22,P74,228,3
S22,P75,153,6
S22,P76,105,3
S22,P77,226,6
S22,P78,206,4
S22,P79,269,5
S22,P80,214,5
S22,P81,242,2
S22,P82,150,3
S22,P83,66,5
S22,P84,50,3
S22,P85,135,6
S22,P86,222,2
S22,P87,268,7
S22,P88,183,3
S22,P89,176,6
S22,P90,137,3
S22,P91,296,5
S22,P92,257,5
S22,P93,185,4
S22,P94,185,7
S22,P95,197,2
S22,P96,66,6
S22,P97,69,2
S22,P98,245,4
S22,P99,222,2
S22,P100,69,2
S23,P1,65,5
S23,P2,221,7
S23,P3,227,4
S23,P4,153,2
S23,P5,67,4
S23,P6,292,4
S23,P7,255,4
S23,P8,134,4
S23,P9,99,5
S23,P10,59,2
S23,P11,98,7
S23,P12,232,2
S23,P13,150,7
S23,P14,148,6
S23,P15,73,3
S23,P16,55,6
S23,P17,199,7
S23,P18,260,3
S23,P19,106,6
S23,P20,97,3
S23,P21,190,3
S23,P22,216,3
S23,P23,275,3
S23,P24,237,3
S23,P25,239,2
S23,P26,157,2
S23,P27,185,5
S23,P28,65,7
S23,P29,168,6
S23,P30,119,7
S23,P31,58,4
S23,P32,239,5
S23,P33,171,5
S23,P34,279,6
S23,P35,92,2
S23,P36,166,2
S23,P37,293,2
S23,P38,57,7
S23,P39,289,3
S23,P40,266,5
S23,P41,265,3
S23,P42,213,6
S23,P43,275,3
S23,P44,119,5
S23,P45,288,5
S23,P46,212,2
S23,P47,273,7
S23,P48,256,4
S23,P49,237,6
S23,P50,253,6
S23,P51,243,7
S23,P52,59,2
S23,P53,246,5
S23,P54,197,7
S23,P55,224,5
S23,P56,160,5
S23,P57,225,2
S23,P58,203,5
S23,P59,273,7
S23,P60,83,3
S23,P61,289,5
S23,P62,64,3
S23,P63,255,2
S23,P64,95,2
S23,P65,154,5
S23,P66,222,6
S23,P67,66,4
S23,P68,163,7
S23,P69,247,5
S23,P70,245,3
S23,P71,246,6
S23,P72,215,6
S23,P73,226,4
S23,P74,133,2
S23,P75,260,6
S23,P76,206,7
S23,P77,193,5
S23,P78,140,5
S23,P79,210,5
S23,P80,222,4
S23,P81,265,2
S23,P82,208,4
S23,P83,274,7
S23,P84,130,3
S23,P85,165,4
S23,P86,86,2
S23,P87,225,4
S23,P88,166,4
S23,P89,96,7
S23,P90,233,5
S23,P91,127,7
S23,P92,198,5
S23,P93,200,5
S23,P94,83,5
S23,P95,138,6
S23,P96,173,5
S23,P97,213,5
S23,P98,260,6
S23,P99,196,3
S23,P100,84,4
S24,P1,211,4
S24,P2,81,3
S24,P3,234,6
S24,P4,76,2
S24,P5,153,4
S24,P6,233,7
S24,P7,193,3
S24,P8,77,5
S24,P9,83,6
S24,P10,101,2
S24,P11,194,2
S24,P12,183,7
S24,P13,161,4
S24,P14,86,5
S24,P15,176,2
S24,P16,251,5
S24,P17,235,4
S24,P18,226,3
S24,P19,189,2
S24,P20,145,2
S24,P21,168,3
S24,P22,95,3
S24,P23,289,4
S24,P24,297,6
S24,P25,65,2
S24,P26,82,6
S24,P27,203,6
S24,P28,156,5
S24,P29,200,4
S24,P30,230,3
S24,P31,236,7
S24,P32,131,3
S24,P33,221,2
S24,P34,164,4
S24,P35,203,2
S24,P36,157,5
S24,P37,78,4
S24,P38,130,5
S24,P39,135,5
S24,P40,110,6
S24,P41,287,3
S24,P42,153,7
S24,P43,171,7
S24,P44,281,6
S24,P45,53,4
S24,P46,183,2
S24,P47,154,4
S24,P48,266,2
S24,P49,110,7
S24,P50,84,6
S24,P51,75,4
S24,P52,264,7
S24,P53,91,7
S24,P54,234,2
S24,P55,269,2
S24,P56,203,4
S24,P57,114,3
S24,P58,76,6
S24,P59,198,5
S24,P60,213,5
S24,P61,122,5
S24,P62,165,2
S24,P63,278,5
S24,P64,92,4
S24,P65,187,3
S24,P66,101,3
S24,P67,53,2
S24,P68,109,2
S24,P69,123,6
S24,P70,233,5
S24,P71,131,7
S24,P72,71,7
S24,P73,272,3
S24,P74,109,3
S24,P75,217,3
S24,P76,209,2
S24,P77,241,5
S24,P78,289,3
S24,P79,190,3
S24,P80,243,5
S24,P81,246,7
S24,P82,165,4
S24,P83,216,7
S24,P84,51,6
S24,P85,55,3
S24,P86,107,4
S24,P87,60,7
S24,P88,205,7
S24,P89,166,5
S24,P90,247,7
S24,P91,98,7
S24,P92,286,3
S24,P93,163,5
S24,P94,185,7
S24,P95,286,2
S24,P96,91,6
S24,P97,179,6
S24,P98,248,5
S24,P99,71,5
S24,P100,219,6
S25,P1,209,2
S25,P2,278,3
S25,P3,213,7
S25,P4,161,6
S25,P5,187,3
S25,P6,249,4
S25,P7,174,6
S25,P8,82,6
S25,P9,286,6
S25,P10,158,3
S25,P11,140,7
S25,P12,239,5
S25,P13,296,3
S25,P14,85,2
S25,P15,244,4
S25,P16,258,3
S25,P17,76,7
S25,P18,227,4
S25,P19,283,2
S25,P20,82,3
S25,P21,295,5
S25,P22,291,5
S25,P23,121,6
S25,P24,81,2
S25,P25,234,5
S25,P26,289,5
S25,P27,249,4
S25,P28,126,3
S25,P29,172,6
S25,P30,177,2
S25,P31,254,4
S25,P32,288,7
S25,P33,127,4
S25,P34,292,6
S25,P35,202,6
S25,P36,253,3
S25,P37,92,7
S25,P38,102,7
S25,P39,202,2
S25,P40,224,4
S25,P41,88,5
S25,P42,228,6
S25,P43,238,5
S25,P44,298,7
S25,P45,237,5
S25,P46,298,7
S25,P47,216,7
S25,P48,295,3
S25,P49,88,2
S25,P50,179,5
S25,P51,218,2
S25,P52,228,4
S25,P53,227,5
S25,P54,61,6
S25,P55,192,6
S25,P56,209,4
S25,P57,259,4
S25,P58,248,5
S25,P59,261,7
S25,P60,234,2
S25,P61,256,6
S25,P62,140,3
S25,P63,157,2
S25,P64,230,2
S25,P65,74,6
S25,P66,83,2
S25,P67,257,5
S25,P68,98,5
S25,P69,142,4
S25,P70,148,4
S25,P71,211,2
S25,P72,123,5
S25,P73,163,7
S25,P74,177,4
S25,P75,140,3
S25,P76,267,5
S25,P77,228,5
S25,P78,140,3
S25,P79,77,6
S25,P80,213,5
S25,P81,103,2
S25,P82,290,7
S25,P83,92,2
S25,P84,91,5
S25,P85,196,2
S25,P86,238,5
S25,P87,50,6
S25,P88,166,6
S25,P89,102,3
S25,P90,50,5
S25,P91,177,2
S25,P92,95,2
S25,P93,155,6
S25,P94,96,3
S25,P95,129,3
S25,P96,82,4
S25,P97,72,5
S25,P98,72,5
S25,P99,155,7
S25,P100,250,7
S26,P1,111,2
S26,P2,220,2
S26,P3,64,6
S26,P4,168,3
S26,P5,193,2
S26,P6,88,5
S26,P7,113,7
S26,P8,247,4
S26,P9,88,3
S26,P10,154,3
S26,P11,229,2
S26,P12,94,2
S26,P13,275,4
S26,P14,129,3
S26,P15,241,5
S26,P16,138,4
S26,P17,107,3
S26,P18,109,3
S26,P19,95,2
S26,P20,210,4
S26,P21,109,7
S26,P22,262,6
S26,P23,72,5
S26,P24,169,4
S26,P25,291,6
S26,P26,167,4
S26,P27,106,3
S26,P28,148,4
S26,P29,253,4
S26,P30,226,6
S26,P31,166,3
S26,P32,204,2
S26,P33,291,7
S26,P34,229,4
S26,P35,114,6
S26,P36,251,4
S26,P37,182,7
S26,P38,84,6
S26,P39,111,7
S26,P40,96,2
S26,P41,245,5
S26,P42,186,7
S26,P43,293,5
S26,P44,69,3
S26,P45,238,7
S26,P46,159,3
S26,P47,187,5
S26,P48,81,6
S26,P49,119,6
S26,P50,93,5
S26,P51,192,6
S26,P52,200,2
S26,P53,119,5
S26,P54,149,5
S26,P55,116,3
S26,P56,67,3
S26,P57,189,7
S26,P58,291,6
S26,P59,52,4
S26,P60,228,7
S26,P61,117,7
S26,P62,191,4
S26,P63,171,3
S26,P64,251,2
S26,P65,145,7
S26,P66,275,6
S26,P67,194,5
S26,P68,179,7
S26,P69,155,6
S26,P70,248,6
S26,P71,289,3
S26,P72,83,5
S26,P73,200,6
S26,P74,129,5
S26,P75,153,4
S26,P76,188,4
S26,P77,180,4
S26,P78,88,5
S26,P79,243,5
S26,P80,297,7
S26,P81,235,5
S26,P82,218,2
S26,P83,230,2
S26,P84,123,5
S26,P85,228,4
S26,P86,145,6
S26,P87,243,6
S26,P88,191,3
S26,P89,85,4
S26,P90,202,2
S26,P91,294,3
S26,P92,86,6
S26,P93,255,5
S26,P94,53,5
S26,P95,95,5
S26,P96,107,3
S26,P97,250,7
S26,P98,149,5
S26,P99,184,6
S26,P100,66,2
S27,P1,123,2
S27,P2,216,4
S27,P3,212,6
S27,P4,140,4
S27,P5,169,5
S27,P6,113,4
S27,P7,192,5
S27,P8,288,5
S27,P9,79,2
S27,P10,137,2
S27,P11,104,3
S27,P12,56,3
S27,P13,169,4
S27,P14,292,2
S27,P15,245,3
S27,P16,254,3
S27,P17,98,7
S27,P18,113,2
S27,P19,140,2
S27,P20,261,5
S27,P21,235,4
S27,P22,128,4
S27,P23,270,3
S27,P24,147,7
S27,P25,204,6
S27,P26,263,4
S27,P27,284,6
S27,P28,260,5
S27,P29,199,2
S27,P30,146,3
S27,P31,250,2
S27,P32,260,2
S27,P33,297,6
S27,P34,279,2
S27,P35,79,6
S27,P36,225,6
S27,P37,195,3
S27,P38,257,5
S27,P39,300,2
S27,P40,103,2
S27,P41,263,5
S27,P42,124,7
S27,P43,240,6
S27,P44,212,2
S27,P45,144,6
S27,P46,251,6
S27,P47,239,6
S27,P48,154,5
S27,P49,287,3
S27,P50,275,3
S27,P51,186,5
S27,P52,142,3
S27,P53,94,2
S27,P54,183,5
S27,P55,206,5
S27,P56,75,5
S27,P57,244,2
S27,P58,267,2
S27,P59,234,4
S27,P60,293,3
S27,P61,284,6
S27,P62,127,7
S27,P63,166,6
S27,P64,55,3
S27,P65,188,2
S27,P66,126,7
S27,P67,89,2
S27,P68,105,2
S27,P69,138,6
S27,P70,201,2
S27,P71,273,2
S27,P72,59,3
S27,P73,135,4
S27,P74,163,2
S27,P75,239,2
S27,P76,148,7
S27,P77,276,3
S27,P78,83,3
S27,P79,170,5
S27,P80,90,4
S27,P81,288,4
S27,P82,114,4
S27,P83,283,6
S27,P84,260,5
S27,P85,167,4
S27,P86,92,3
S27,P87,82,7
S27,P88,274,2
S27,P89,240,3
S27,P90,230,7
S27,P91,78,2
S27,P92,131,5
S27,P93,82,2
S27,P94,291,2
S27,P95,146,5
S27,P96,171,7
S27,P97,280,3
S27,P98,207,3
S27,P99,262,3
S27,P100,96,7
S28,P1,136,2
S28,P2,263,5
S28,P3,228,2
S28,P4,109,6
S28,P5,294,6
S28,P6,106,6
S28,P7,71,4
S28,P8,79,5
S28,P9,275,4
S28,P10,233,7
S28,P11,224,2
S28,P12,118,3
S28,P13,269,7
S28,P14,295,2
S28,P15,178,3
S28,P16,143,3
S28,P17,229,7
S28,P18,155,3
S28,P19,249,2
S28,P20,57,2
S28,P21,260,7
S28,P22,90,4
S28,P23,56,3
S28,P24,173,4
S28,P25,264,6
S28,P26,269,6
S28,P27,79,3
S28,P28,202,5
S28,P29,269,5
S28,P30,139,2
S28,P31,87,3
S28,P32,137,6
S28,P33,137,6
S28,P34,236,2
S28,P35,148,2
S28,P36,157,2
S28,P37,274,5
S28,P38,82,3
S28,P39,277,2
S28,P40,54,7
S28,P41,254,4
S28,P42,216,5
S28,P43,59,6
S28,P44,182,7
S28,P45,231,4
S28,P46,242,2
S28,P47,278,2
S28,P48,240,7
S28,P49,93,4
S28,P50,252,2
S28,P51,266,7
S28,P52,246,5
S28,P53,197,2
S28,P54,134,5
S28,P55,136,7
S28,P56,72,5
S28,P57,189,6
S28,P58,92,6
S28,P59,156,2
S28,P60,264,7
S28,P61,272,4
S28,P62,282,2
S28,P63,274,2
S28,P64,229,6
S28,P65,244,7
S28,P66,127,4
S28,P67,127,7
S28,P68,258,7
S28,P69,161,6
S28,P70,61,2
S28,P71,198,7
S28,P72,106,7
S28,P73,103,2
S28,P74,183,5
S28,P75,98,3
S28,P76,178,7
S28,P77,234,6
S28,P78,162,3
S28,P79,280,2
S28,P80,104,5
S28,P81,195,2
S28,P82,195,6
S28,P83,242,3
S28,P84,98,5
S28,P85,118,5
S28,P86,76,6
S28,P87,259,4
S28,P88,51,3
S28,P89,295,4
S28,P90,210,7
S28,P91,290,3
S28,P92,194,7
S28,P93,109,3
S28,P94,142,6
S28,P95,198,2
S28,P96,110,5
S28,P97,79,2
S28,P98,165,3
S28,P99,296,4
S28,P100,126,7
S29,P1,268,2
S29,P2,293,7
S29,P3,264,6
S29,P4,291,4
S29,P5,142,7
S29,P6,154,6
S29,P7,167,4
S29,P8,150,7
S29,P9,167,6
S29,P10,208,7
S29,P11,219,6
S29,P12,286,2
S29,P13,124,3
S29,P14,268,7
S29,P15,55,7
S29,P16,258,7
S29,P17,63,4
S29,P18,80,5
S29,P19,212,6
S29,P20,80,5
S29,P21,260,6
S29,P22,252,5
S29,P23,171,4
S29,P24,203,4
S29,P25,174,2
S29,P26,91,5
S29,P27,67,3
S29,P28,170,7
S29,P29,80,4
S29,P30,164,2
S29,P31,50,6
S29,P32,297,6
S29,P33,293,7
S29,P34,296,2
S29,P35,160,3
S29,P36,222,4
S29,P37,177,6
S29,P38,136,7
S29,P39,92,7
S29,P40,77,7
S29,P41,120,6
S29,P42,282,7
S29,P43,282,4
S29,P44,119,7
S29,P45,233,3
S29,P46,244,6
S29,P47,237,2
S29,P48,101,7
S29,P49,207,6
S29,P50,103,2
S29,P51,138,3
S29,P52,141,2
S29,P53,249,4
S29,P54,196,5
S29,P55,229,6
S29,P56,186,3
S29,P57,109,6
S29,P58,55,7
S29,P59,128,3
S29,P60,126,7
S29,P61,198,5
S29,P62,146,5
S29,P63,166,2
S29,P64,147,3
S29,P65,157,3
S29,P66,151,7
S29,P67,133,7
S29,P68,209,2
S29,P69,259,7
S29,P70,157,2
S29,P71,161,5
S29,P72,247,5
S29,P73,196,4
S29,P74,101,2
S29,P75,173,5
S29,P76,60,5
S29,P77,179,3
S29,P78,138,4
S29,P79,267,5
S29,P80,271,5
S29,P81,160,2
S29,P82,193,4
S29,P83,156,5
S29,P84,66,2
S29,P85,300,6
S29,P86,159,6
S29,P87,266,6
S29,P88,111,4
S29,P89,282,7
S29,P90,238,3
S29,P91,99,6
S29,P92,188,5
S29,P93,170,6
S29,P94,229,2
S29,P95,100,4
S29,P96,200,3
S29,P97,282,3
S29,P98,251,2
S29,P99,288,5
S29,P100,298,5
S30,P1,77,3
S30,P2,132,7
S30,P3,158,7
S30,P4,79,3
S30,P5,202,7
S30,P6,200,3
S30,P7,150,6
S30,P8,254,4
S30,P9,209,5
S30,P10,197,2
S30,P11,242,5
S30,P12,236,7
S30,P13,176,5
S30,P14,77,5
S30,P15,114,7
S30,P16,142,2
S30,P17,237,4
S30,P18,163,5
S30,P19,225,3
S30,P20,259,7
S30,P21,289,7
S30,P22,110,3
S30,P23,220,2
S30,P24,129,5
S30,P25,228,3
S30,P26,187,4
S30,P27,183,5
S30,P28,101,7
S30,P29,63,5
S30,P30,197,7
S30,P31,132,6
S30,P32,143,7
S30,P33,123,2
S30,P34,138,7
S30,P35,209,6
S30,P36,122,2
S30,P37,158,5
S30,P38,97,5
S30,P39,241,3
S30,P40,279,7
S30,P41,292,6
S30,P42,237,2
S30,P43,167,3
S30,P44,134,2
S30,P45,126,7
S30,P46,287,5
S30,P47,267,3
S30,P48,134,2
S30,P49,298,2
S30,P50,184,4
S30,P51,234,5
S30,P52,214,6
S30,P53,251,4
S30,P54,83,3
S30,P55,60,2
S30,P56,187,2
S30,P57,158,4
S30,P58,238,3
S30,P59,201,6
S30,P60,83,6
S30,P61,114,7
S30,P62,131,4
S30,P63,259,7
S30,P64,261,6
S30,P65,183,2
S30,P66,187,2
S30,P67,152,6
S30,P68,268,2
S30,P69,96,5
S30,P70,164,4
S30,P71,290,6
S30,P72,216,3
S30,P73,74,3
S30,P74,98,5
S30,P75,300,2
S30,P76,227,5
S30,P77,112,7
S30,P78,269,4
S30,P79,295,6
S30,P80,282,5
S30,P81,150,4
S30,P82,185,3
S30,P83,58,4
S30,P84,291,5
S30,P85,114,3
S30,P86,112,2
S30,P87,181,4
S30,P88,60,2
S30,P89,258,4
S30,P90,242,7
S30,P91,273,7
S30,P92,199,5
S30,P93,223,4
S30,P94,180,2
S30,P95,188,7
S30,P96,252,4
S30,P97,103,2
S30,P98,100,7
S30,P99,208,6
S30,P100,223,6
S31,P1,281,4
S31,P2,234,2
S31,P3,281,2
S31,P4,71,4
S31,P5,63,2
S31,P6,133,7
S31,P7,67,2
S31,P8,87,6
S31,P9,282,6
S31,P10,251,2
S31,P11,64,4
S31,P12,276,3
S31,P13,187,6
S31,P14,170,6
S31,P15,64,5
S31,P16,282,3
S31,P17,271,3
S31,P18,112,4
S31,P19,68,5
S31,P20,163,4
S31,P21,223,6
S31,P22,173,7
S31,P23,293,5
S31,P24,270,7
S31,P25,276,2
S31,P26,274,6
S31,P27,168,3
S31,P28,160,5
S31,P29,60,5
S31,P30,139,3
S31,P31,52,2
S31,P32,279,4
S31,P33,99,7
S31,P34,265,3
S31,P35,103,2
S31,P36,285,2
S31,P37,205,4
S31,P38,290,4
S31,P39,123,5
S31,P40,103,4
S31,P41,93,6
S31,P42,172,6
S31,P43,290,2
S31,P44,79,6
S31,P45,190,4
S31,P46,83,7
S31,P47,177,7
S31,P48,62,4
S31,P49,140,7
S31,P50,269,5
S31,P51,222,5
S31,P52,271,7
S31,P53,121,5
S31,P54,235,2
S31,P55,245,5
S31,P56,108,5
S31,P57,230,3
S31,P58,180,4
S31,P59,280,5
S31,P60,197,6
S31,P61,242,3
S31,P62,52,7
S31,P63,176,4
S31,P64,70,7
S31,P65,60,2
S31,P66,230,3
S31,P67,58,5
S31,P68,178,4
S31,P69,120,4
S31,P70,282,2
S31,P71,277,2
S31,P72,66,6
S31,P73,184,7
S31,P74,58,6
S31,P75,202,7
S31,P76,248,6
S31,P77,296,4
S31,P78,101,4
S31,P79,291,2
S31,P80,296,4
S31,P81,245,7
S31,P82,271,3
S31,P83,207,5
S31,P84,280,4
S31,P85,239,5
S31,P86,288,7
S31,P87,296,7
S31,P88,84,3
S31,P89,210,7
S31,P90,89,2
S31,P91,102,3
S31,P92,281,5
S31,P93,70,6
S31,P94,92,5
S31,P95,145,5
S31,P96,55,5
S31,P97,71,2
S31,P98,254,3
S31,P99,118,6
S31,P100,280,6
S32,P1,54,3
S32,P2,139,2
S32,P3,142,6
S32,P4,54,6
S32,P5,56,5
S32,P6,210,7
S32,P7,152,4
S32,P8,222,2
S32,P9,195,7
S32,P10,142,3
S32,P11,275,6
S32,P12,78,6
S32,P13,273,7
S32,P14,133,7
S32,P15,207,4
S32,P16,86,3
S32,P17,280,6
S32,P18,78,3
S32,P19,204,2
S32,P20,203,3
S32,P21,228,5
S32,P22,131,2
S32,P23,90,6
S32,P24,178,5
S32,P25,295,7
S32,P26,95,2
S32,P27,290,7
S32,P28,76,3
S32,P29,102,3
S32,P30,171,5
S32,P31,92,6
S32,P32,292,7
S32,P33,133,2
S32,P34,269,4
S32,P35,262,2
S32,P36,206,6
S32,P37,137,3
S32,P38,109,4
S32,P39,173,3
S32,P40,265,3
S32,P41,157,5
S32,P42,227,6
S32,P43,145,7
S32,P44,277,5
S32,P45,270,5
S32,P46,59,6
S32,P47,168,6
S32,P48,121,6
S32,P49,273,7
S32,P50,267,7
S32,P51,172,2
S32,P52,128,7
S32,P53,95,3
S32,P54,60,5
S32,P55,179,4
S32,P56,53,4
S32,P57,264,6
S32,P58,268,2
S32,P59,228,7
S32,P60,98,5
S32,P61,285,4
S32,P62,149,5
S32,P63,153,2
S32,P64,99,2
S32,P65,229,5
S32,P66,190,7
S32,P67,214,2
S32,P68,207,2
S32,P69,189,2
S32,P70,204,7
S32,P71,215,7
S32,P72,175,4
S32,P73,155,4
S32,P74,115,5
S32,P75,284,2
S32,P76,173,2
S32,P77,262,7
S32,P78,75,7
S32,P79,245,3
S32,P80,84,6
S32,P81,284,5
S32,P82,268,3
S32,P83,176,7
S32,P84,133,2
S32,P85,80,5
S32,P86,240,5
S32,P87,294,4
S32,P88,150,5
S32,P89,173,5
S32,P90,125,6
S32,P91,259,2
S32,P92,196,7
S32,P93,111,7
S32,P94,61,4
S32,P95,206,2
S32,P96,82,2
S32,P97,206,2
S32,P98,93,4
S32,P99,233,5
S32,P100,210,3
S33,P1,256,6
S33,P2,287,6
S33,P3,94,2
S33,P4,171,7
S33,P5,73,6
S33,P6,214,3
S33,P7,125,6
S33,P8,219,3
S33,P9,120,2
S33,P10,84,5
S33,P11,177,4
S33,P12,65,3
S33,P13,220,6
S33,P14,240,7
S33,P15,260,5
S33,P16,278,2
S33,P17,251,3
S33,P18,98,5
S33,P19,52,2
S33,P20,171,6
S33,P21,189,6
S33,P22,231,6
S33,P23,277,4
S33,P24,199,3
S33,P25,271,3
S33,P26,163,7
S33,P27,123,4
S33,P28,268,5
S33,P29,148,4
S33,P30,298,5
S33,P31,68,2
S33,P32,282,5
S33,P33,277,2
S33,P34,224,6
S33,P35,267,7
S33,P36,84,4
S33,P37,186,4
S33,P38,219,4
S33,P39,72,6
S33,P40,234,6
S33,P41,176,7
S33,P42,169,2
S33,P43,188,4
S33,P44,104,3
S33,P45,299,2
S33,P46,99,7
S33,P47,182,6
S33,P48,137,5
S33,P49,118,5
S33,P50,191,4
S33,P51,260,5
S33,P52,172,2
S33,P53,194,5
S33,P54,61,7
S33,P55,123,7
S33,P56,194,7
S33,P57,112,6
S33,P58,208,7
S33,P59,145,5
S33,P60,75,7
S33,P61,182,2
S33,P62,242,5
S33,P63,119,2
S33,P64,158,6
S33,P65,135,6
S33,P66,50,3
S33,P67,167,3
S33,P68,203,5
S33,P69,220,6
S33,P70,104,2
S33,P71,113,4
S33,P72,90,7
S33,P73,233,5
S33,P74,243,7
S33,P75,210,7
S33,P76,108,5
S33,P77,258,7
S33,P78,99,3
S33,P79,103,4
S33,P80,263,3
S33,P81,223,7
S33,P82,166,6
S33,P83,104,2
S33,P84,77,3
S33,P85,50,4
S33,P86,133,4
S33,P87,228,6
S33,P88,166,2
S33,P89,244,4
S33,P90,52,6
S33,P91,160,6
S33,P92,186,5
S33,P93,257,7
S33,P94,122,5
S33,P95,180,4
S33,P96,80,6
S33,P97,212,7
S33,P98,276,2
S33,P99,124,5
S33,P100,186,6
S34,P1,147,2
S34,P2,70,5
S34,P3,189,3
S34,P4,60,5
S34,P5,54,5
S34,P6,108,7
S34,P7,271,6
S34,P8,176,2
S34,P9,135,6
S34,P10,270,6
S34,P11,293,6
S34,P12,233,2
S34,P13,70,5
S34,P14,147,2
S34,P15,240,4
S34,P16,126,7
S34,P17,177,5
S34,P18,109,4
S34,P19,168,3
S34,P20,132,2
S34,P21,184,4
S34,P22,79,4
S34,P23,155,6
S34,P24,248,6
S34,P25,86,5
S34,P26,174,7
S34,P27,182,6
S34,P28,244,6
S34,P29,113,2
S34,P30,90,4
S34,P31,83,3
S34,P32,186,2
S34,P33,76,3
S34,P34,261,4
S34,P35,50,2
S34,P36,105,5
S34,P37,66,4
S34,P38,166,4
S34,P39,123,7
S34,P40,159,6
S34,P41,253,3
S34,P42,219,4
S34,P43,202,5
S34,P44,130,5
S34,P45,166,5
S34,P46,237,7
S34,P47,183,6
S34,P48,223,6
S34,P49,211,2
S34,P50,76,3
S34,P51,161,5
S34,P52,238,2
S34,P53,207,5
S34,P54,62,5
S34,P55,172,2
S34,P56,162,2
S34,P57,151,3
S34,P58,221,6
S34,P59,58,3
S34,P60,219,6
S34,P61,276,2
S34,P62,276,7
S34,P63,150,6
S34,P64,58,2
S34,P65,120,2
S34,P66,289,4
S34,P67,96,5
S34,P68,108,4
S34,P69,209,2
S34,P70,102,2
S34,P71,281,7
S34,P72,203,6
S34,P73,98,7
S34,P74,82,5
S34,P75,64,4
S34,P76,270,4
S34,P77,167,6
S34,P78,93,5
S34,P79,266,5
S34,P80,167,3
S34,P81,297,4
S34,P82,226,6
S34,P83,275,3
S34,P84,96,7
S34,P85,288,3
S34,P86,199,5
S34,P87,257,5
S34,P88,234,6
S34,P89,243,5
S34,P90,58,6
S34,P91,256,3
S34,P92,222,7
S34,P93,198,2
S34,P94,112,7
S34,P95,119,7
S34,P96,111,2
S34,P97,254,4
S34,P98,180,4
S34,P99,82,5
S34,P100,245,4
S35,P1,184,2
S35,P2,210,7
S35,P3,249,3
S35,P4,182,5
S35,P5,170,3
S35,P6,296,3
S35,P7,269,4
S35,P8,64,5
S35,P9,66,2
S35,P10,148,5
S35,P11,224,7
S35,P12,158,3
S35,P13,169,2
S35,P14,171,6
S35,P15,131,4
S35,P16,265,4
S35,P17,137,3
S35,P18,128,2
S35,P19,173,4
S35,P20,166,2
S35,P21,273,4
S35,P22,274,6
S35,P23,283,7
S35,P24,246,4
S35,P25,120,7
S35,P26,281,3
S35,P27,299,5
S35,P28,225,5
S35,P29,98,4
S35,P30,270,5
S35,P31,135,6
S35,P32,268,7
S35,P33,151,7
S35,P34,273,7
S35,P35,184,2
S35,P36,231,4
S35,P37,289,7
S35,P38,63,6
S35,P39,108,3
S35,P40,201,3
S35,P41,150,7
S35,P42,153,3
S35,P43,239,4
S35,P44,204,2
S35,P45,226,6
S35,P46,95,7
S35,P47,67,7
S35,P48,161,6
S35,P49,162,3
S35,P50,164,5
S35,P51,150,7
S35,P52,107,7
S35,P53,225,5
S35,P54,184,6
S35,P55,66,7
S35,P56,191,7
S35,P57,61,4
S35,P58,250,6
S35,P59,280,2
S35,P60,75,6
S35,P61,92,5
S35,P62,199,7
S35,P63,235,7
S35,P64,195,2
S35,P65,66,2
S35,P66,288,6
S35,P67,228,5
S35,P68,196,7
S35,P69,264,3
S35,P70,190,6
S35,P71,151,3
S35,P72,252,5
S35,P73,150,7
S35,P74,54,6
S35,P75,64,4
S35,P76,153,7
S35,P77,218,3
S35,P78,240,4
S35,P79,160,7
S35,P80,280,2
S35,P81,57,7
S35,P82,206,5
S35,P83,133,2
S35,P84,180,6
S35,P85,85,6
S35,P86,108,6
S35,P87,90,3
S35,P88,105,5
S35,P89,165,5
S35,P90,166,6
S35,P91,105,4
S35,P92,175,5
S35,P93,170,7
S35,P94,61,5
S35,P95,63,2
S35,P96,261,6
S35,P97,150,7
S35,P98,131,3
S35,P99,101,5
S35,P100,227,3
S36,P1,199,7
S36,P2,186,2
S36,P3,201,4
S36,P4,60,5
S36,P5,115,3
S36,P6,105,6
S36,P7,246,4
S36,P8,92,3
S36,P9,289,4
S36,P10,269,7
S36,P11,275,5
S36,P12,225,6
S36,P13,233,4
S36,P14,238,3
S36,P15,148,2
S36,P16,156,5
S36,P17,60,5
S36,P18,104,2
S36,P19,141,4
S36,P20,141,4
S36,P21,78,2
S36,P22,129,4
S36,P23,106,6
S36,P24,101,6
S36,P25,157,6
S36,P26,132,6
S36,P27,114,7
S36,P28,92,4
S36,P29,243,5
S36,P30,99,6
S36,P31,142,5
S36,P32,209,3
S36,P33,117,7
S36,P34,266,4
S36,P35,54,5
S36,P36,264,3
S36,P37,222,5
S36,P38,79,3
S36,P39,170,3
S36,P40,132,6
S36,P41,159,6
S36,P42,99,5
S36,P43,202,5
S36,P44,292,5
S36,P45,63,3
S36,P46,60,7
S36,P47,178,7
S36,P48,282,4
S36,P49,202,5
S36,P50,252,2
S36,P51,219,7
S36,P52,180,4
S36,P53,137,6
S36,P54,161,3
S36,P55,219,3
S36,P56,137,2
S36,P57,232,3
S36,P58,67,4
S36,P59,156,5
S36,P60,233,2
S36,P61,292,7
S36,P62,55,2
S36,P63,89,3
S36,P64,285,5
S36,P65,142,5
S36,P66,92,2
S36,P67,123,4
S36,P68,258,6
S36,P69,65,3
S36,P70,127,2
S36,P71,73,7
S36,P72,142,7
S36,P73,211,4
S36,P74,73,6
S36,P75,68,7
S36,P76,219,2
S36,P77,58,2
S36,P78,146,3
S36,P79,257,6
S36,P80,211,7
S36,P81,228,5
S36,P82,156,3
S36,P83,149,3
S36,P84,236,4
S36,P85,198,4
S36,P86,200,5
S36,P87,244,2
S36,P88,121,3
S36,P89,157,7
S36,P90,213,5
S36,P91,95,7
S36,P92,196,3
S36,P93,103,5
S36,P94,99,5
S36,P95,131,4
S36,P96,82,3
S36,P97,137,3
S36,P98,248,2
S36,P99,151,4
S36,P100,232,5
S37,P1,220,5
S37,P2,84,2
S37,P3,236,2
S37,P4,247,5
S37,P5,223,3
S37,P6,270,6
S37,P7,195,3
S37,P8,257,2
S37,P9,254,3
S37,P10,104,6
S37,P11,300,3
S37,P12,130,3
S37,P13,82,6
S37,P14,280,5
S37,P15,61,6
S37,P16,111,7
S37,P17,125,7
S37,P18,135,3
S37,P19,151,7
S37,P20,149,3
S37,P21,73,5
S37,P22,106,5
S37,P23,85,7
S37,P24,119,3
S37,P25,203,3
S37,P26,99,5
S37,P27,177,2
S37,P28,184,7
S37,P29,221,4
S37,P30,207,3
S37,P31,211,7
S37,P32,178,2
S37,P33,151,7
S37,P34,140,2
S37,P35,264,3
S37,P36,292,4
S37,P37,133,3
S37,P38,277,6
S37,P39,67,2
S37,P40,271,4
S37,P41,165,7
S37,P42,257,5
S37,P43,271,4
S37,P44,139,4
S37,P45,90,2
S37,P46,171,4
S37,P47,233,4
S37,P48,153,7
S37,P49,253,4
S37,P50,189,6
S37,P51,295,3
S37,P52,217,3
S37,P53,185,2
S37,P54,68,5
S37,P55,277,2
S37,P56,235,7
S37,P57,275,6
S37,P58,147,4
S37,P59,183,7
S37,P60,182,5
S37,P61,233,2
S37,P62,146,3
S37,P63,79,3
S37,P64,54,4
S37,P65,271,2
S37,P66,76,7
S37,P67,200,4
S37,P68,167,5
S37,P69,247,5
S37,P70,124,4
S37,P71,165,5
S37,P72,246,5
S37,P73,247,2
S37,P74,201,2
S37,P75,231,2
S37,P76,101,5
S37,P77,63,7
S37,P78,74,3
S37,P79,109,4
S37,P80,201,4
S37,P81,95,5
S37,P82,261,6
S37,P83,56,7
S37,P84,51,2
S37,P85,107,7
S37,P86,146,6
S37,P87,253,7
S37,P88,248,4
S37,P89,127,4
S37,P90,111,2
S37,P91,254,7
S37,P92,198,6
S37,P93,267,2
S37,P94,86,6
S37,P95,104,3
S37,P96,145,2
S37,P97,135,2
S37,P98,226,2
S37,P99,131,7
S37,P100,54,5
S38,P1,86,6
S38,P2,75,7
S38,P3,160,6
S38,P4,284,5
S38,P5,70,7
S38,P6,162,4
S38,P7,148,5
S38,P8,222,4
S38,P9,245,2
S38,P10,265,6
S38,P11,230,6
S38,P12,95,4
S38,P13,51,5
S38,P14,208,6
S38,P15,90,6
S38,P16,63,6
S38,P17,51,6
S38,P18,256,5
S38,P19,145,4
S38,P20,159,3
S38,P21,229,6
S38,P22,91,4
S38,P23,164,5
S38,P24,285,5
S38,P25,108,7
S38,P26,78,4
S38,P27,54,7
S38,P28,294,2
S38,P29,198,4
S38,P30,106,4
S38,P31,125,6
S38,P32,145,7
S38,P33,53,6
S38,P34,176,7
S38,P35,88,7
S38,P36,150,4
S38,P37,52,5
S38,P38,115,5
S38,P39,211,7
S38,P40,102,5
S38,P41,296,2
S38,P42,206,2
S38,P43,259,7
S38,P44,59,3
S38,P45,200,2
S38,P46,208,4
S38,P47,181,4
S38,P48,142,3
S38,P49,114,2
S38,P50,134,5
S38,P51,201,3
S38,P52,65,7
S38,P53,135,2
S38,P54,286,3
S38,P55,56,3
S38,P56,55,6
S38,P57,157,4
S38,P58,139,6
S38,P59,51,5
S38,P60,163,7
S38,P61,272,5
S38,P62,153,3
S38,P63,78,4
S38,P64,297,2
S38,P65,56,3
S38,P66,74,4
S38,P67,125,3
S38,P68,88,6
S38,P69,93,2
S38,P70,84,3
S38,P71,79,2
S38,P72,280,4
S38,P73,247,4
S38,P74,89,6
S38,P75,215,5
S38,P76,208,2
S38,P77,275,7
S38,P78,112,6
S38,P79,101,7
S38,P80,74,3
S38,P81,137,2
S38,P82,128,2
S38,P83,119,3
S38,P84,153,3
S38,P85,295,7
S38,P86,158,2
S38,P87,55,4
S38,P88,69,2
S38,P89,163,3
S38,P90,120,7
S38,P91,103,4
S38,P92,274,4
S38,P93,141,3
S38,P94,272,2
S38,P95,92,4
S38,P96,121,2
S38,P97,162,3
S38,P98,195,4
S38,P99,110,4
S38,P100,191,7
S39,P1,271,4
S39,P2,71,7
S39,P3,257,5
S39,P4,95,4
S39,P5,208,4
S39,P6,132,2
S39,P7,222,4
S39,P8,75,7
S39,P9,223,5
S39,P10,88,6
S39,P11,63,2
S39,P12,156,5
S39,P13,240,4
S39,P14,96,2
S39,P15,136,6
S39,P16,246,2
S39,P17,187,2
S39,P18,241,2
S39,P19,109,3
S39,P20,206,4
S39,P21,269,2
S39,P22,225,5
S39,P23,146,2
S39,P24,167,5
S39,P25,217,3
S39,P26,199,2
S39,P27,218,5
S39,P28,52,5
S39,P29,92,2
S39,P30,149,3
S39,P31,85,3
S39,P32,166,3
S39,P33,128,5
S39,P34,238,3
S39,P35,159,6
S39,P36,131,2
S39,P37,220,3
S39,P38,70,7
S39,P39,87,6
S39,P40,71,3
S39,P41,72,6
S39,P42,190,4
S39,P43,57,2
S39,P44,120,4
S39,P45,99,3
S39,P46,94,4
S39,P47,59,3
S39,P48,164,3
S39,P49,99,5
S39,P50,129,4
S39,P51,89,7
S39,P52,55,2
S39,P53,271,2
S39,P54,246,4
S39,P55,149,3
S39,P56,240,4
S39,P57,89,4
S39,P58,59,7
S39,P59,124,4
S39,P60,122,7
S39,P61,182,7
S39,P62,269,4
S39,P63,147,5
S39,P64,280,4
S39,P65,279,2
S39,P66,281,7
S39,P67,52,2
S39,P68,218,4
S39,P69,179,7
S39,P70,238,6
S39,P71,275,7
S39,P72,88,6
S39,P73,227,5
S39,P74,186,5
S39,P75,69,5
S39,P76,104,6
S39,P77,134,5
S39,P78,125,6
S39,P79,217,5
S39,P80,233,4
S39,P81,99,3
S39,P82,194,5
S39,P83,277,3
S39,P84,84,2
S39,P85,197,7
S39,P86,273,7
S39,P87,203,2
S39,P88,207,4
S39,P89,244,2
S39,P90,175,2
S39,P91,248,4
S39,P92,161,2
S39,P93,76,4
S39,P94,67,4
S39,P95,176,2
S39,P96,124,3
S39,P97,289,3
S39,P98,268,6
S39,P99,140,3
S39,P100,173,6
S40,P1,182,3
S40,P2,218,5
S40,P3,178,2
S40,P4,296,6
S40,P5,282,3
S40,P6,259,6
S40,P7,85,6
S40,P8,146,6
S40,P9,143,2
S40,P10,165,6
S40,P11,67,6
S40,P12,199,6
S40,P13,180,5
S40,P14,243,3
S40,P15,201,4
S40,P16,136,2
S40,P17,195,3
S40,P18,117,5
S40,P19,131,7
S40,P20,222,5
S40,P21,188,7
S40,P22,289,6
S40,P23,148,2
S40,P24,201,6
S40,P25,209,5
S40,P26,300,7
S40,P27,241,5
S40,P28,257,2
S40,P29,218,2
S40,P30,165,7
S40,P31,225,7
S40,P32,269,4
S40,P33,244,7
S40,P34,203,6
S40,P35,136,7
S40,P36,220,5
S40,P37,80,7
S40,P38,175,7
S40,P39,153,3
S40,P40,155,4
S40,P41,129,4
S40,P42,260,7
S40,P43,133,6
S40,P44,53,4
S40,P45,74,7
S40,P46,157,5
S40,P47,254,3
S40,P48,288,6
S40,P49,194,3
S40,P50,239,5
S40,P51,287,4
S40,P52,87,3
S40,P53,141,2
S40,P54,140,2
S40,P55,217,5
S40,P56,71,2
S40,P57,55,5
S40,P58,144,3
S40,P59,205,7
S40,P60,135,3
S40,P61,115,6
S40,P62,182,3
S40,P63,208,6
S40,P64,112,2
S40,P65,175,4
S40,P66,165,7
S40,P67,284,4
S40,P68,236,3
S40,P69,225,5
S40,P70,131,2
S40,P71,269,4
S40,P72,144,7
S40,P73,74,3
S40,P74,202,5
S40,P75,231,2
S40,P76,71,4
S40,P77,254,6
S40,P78,235,4
S40,P79,78,3
S40,P80,76,4
S40,P81,91,3
S40,P82,170,2
S40,P83,94,2
S40,P84,114,7
S40,P85,170,4
S40,P86,175,6
S40,P87,299,3
S40,P88,198,2
S40,P89,241,6
S40,P90,125,2
S40,P91,161,3
S40,P92,133,4
S40,P93,88,6
S40,P94,126,4
S40,P95,263,7
S40,P96,167,4
S40,P97,113,3
S40,P98,62,6
S40,P99,121,3
S40,P100,156,3
S41,P1,208,2
S41,P2,66,2
S41,P3,131,3
S41,P4,122,6
S41,P5,164,7
S41,P6,290,2
S41,P7,263,6
S41,P8,174,4
S41,P9,64,6
S41,P10,116,3
S41,P11,118,4
S41,P12,240,7
S41,P13,263,6
S41,P14,145,4
S41,P15,87,2
S41,P16,207,6
S41,P17,77,3
S41,P18,63,5
S41,P19,245,7
S41,P20,105,7
S41,P21,68,5
S41,P22,104,4
S41,P23,260,5
S41,P24,233,5
S41,P25,256,5
S41,P26,259,6
S41,P27,174,4
S41,P28,213,5
S41,P29,155,4
S41,P30,199,5
S41,P31,173,4
S41,P32,280,5
S41,P33,78,7
S41,P34,103,3
S41,P35,192,6
S41,P36,77,6
S41,P37,110,4
S41,P38,270,2
S41,P39,174,6
S41,P40,197,6
S41,P41,121,5
S41,P42,268,2
S41,P43,185,7
S41,P44,215,4
S41,P45,188,5
S41,P46,145,5
S41,P47,156,7
S41,P48,284,4
S41,P49,155,5
S41,P50,72,3
S41,P51,280,4
S41,P52,103,2
S41,P53,272,6
S41,P54,234,3
S41,P55,294,5
S41,P56,246,4
S41,P57,274,3
S41,P58,202,2
S41,P59,195,6
S41,P60,171,5
S41,P61,178,5
S41,P62,225,2
S41,P63,175,3
S41,P64,300,4
S41,P65,169,6
S41,P66,100,7
S41,P67,99,6
S41,P68,286,2
S41,P69,217,6
S41,P70,235,3
S41,P71,284,4
S41,P72,106,4
S41,P73,288,6
S41,P74,68,5
S41,P75,281,4
S41,P76,61,4
S41,P77,173,6
S41,P78,74,4
S41,P79,187,6
S41,P80,139,3
S41,P81,158,4
S41,P82,107,5
S41,P83,153,3
S41,P84,221,6
S41,P85,133,4
S41,P86,163,4
S41,P87,220,4
S41,P88,184,3
S41,P89,249,4
S41,P90,245,2
S41,P91,295,2
S41,P92,224,6
S41,P93,228,7
S41,P94,233,4
S41,P95,295,3
S41,P96,206,2
S41,P97,254,5
S41,P98,71,6
S41,P99,134,3
S41,P100,93,5
S42,P1,217,7
S42,P2,237,7
S42,P3,59,4
S42,P4,92,3
S42,P5,234,7
S42,P6,95,2
S42,P7,221,4
S42,P8,144,5
S42,P9,53,4
S42,P10,232,4
S42,P11,193,4
S42,P12,234,2
S42,P13,225,4
S42,P14,52,5
S42,P15,59,5
S42,P16,212,7
S42,P17,292,5
S42,P18,262,6
S42,P19,165,2
S42,P20,258,6
S42,P21,225,3
S42,P22,236,5
S42,P23,298,5
S42,P24,58,4
S42,P25,152,2
S42,P26,104,5
S42,P27,118,7
S42,P28,225,3
S42,P29,94,3
S42,P30,79,2
S42,P31,109,6
S42,P32,101,7
S42,P33,256,7
S42,P34,152,2
S42,P35,122,2
S42,P36,268,7
S42,P37,196,5
S42,P38,100,6
S42,P39,120,4
S42,P40,236,3
S42,P41,94,4
S42,P42,64,5
S42,P43,210,2
S42,P44,114,4
S42,P45,157,7
S42,P46,202,6
S42,P47,66,4
S42,P48,242,5
S42,P49,289,4
S42,P50,252,6
S42,P51,210,4
S42,P52,253,6
S42,P53,160,6
S42,P54,218,3
S42,P55,116,5
S42,P56,255,7
S42,P57,114,6
S42,P58,173,7
S42,P59,52,2
S42,P60,196,6
S42,P61,172,2
S42,P62,186,3
S42,P63,178,7
S42,P64,106,6
S42,P65,223,2
S42,P66,164,5
S42,P67,86,7
S42,P68,225,5
S42,P69,264,6
S42,P70,191,7
S42,P71,252,3
S42,P72,237,4
S42,P73,122,4
S42,P74,173,3
S42,P75,269,7
S42,P76,202,7
S42,P77,172,2
S42,P78,192,5
S42,P79,217,5
S42,P80,108,4
S42,P81,281,4
S42,P82,238,7
S42,P83,218,6
S42,P84,141,5
S42,P85,70,6
S42,P86,158,6
S42,P87,127,3
S42,P88,243,6
S42,P89,102,7
S42,P90,238,4
S42,P91,280,2
S42,P92,258,6
S42,P93,278,7
S42,P94,185,6
S42,P95,200,7
S42,P96,189,4
S42,P97,244,3
S42,P98,223,3
S42,P99,127,6
S42,P100,119,7
S43,P1,291,6
S43,P2,54,3
S43,P3,291,3
S43,P4,288,6
S43,P5,231,4
S43,P6,260,4
S43,P7,147,2
S43,P8,113,3
S43,P9,290,2
S43,P10,63,4
S43,P11,246,6
S43,P12,201,2
S43,P13,114,7
S43,P14,124,2
S43,P15,286,2
S43,P16,68,2
S43,P17,247,2
S43,P18,86,7
S43,P19,78,3
S43,P20,68,3
S43,P21,256,6
S43,P22,93,3
S43,P23,238,5
S43,P24,237,6
S43,P25,254,5
S43,P26,235,7
S43,P27,183,5
S43,P28,131,3
S43,P29,145,5
S43,P30,194,6
S43,P31,297,6
S43,P32,143,2
S43,P33,95,2
S43,P34,203,6
S43,P35,290,5
S43,P36,298,3
S43,P37,78,5
S43,P38,90,4
S43,P39,167,2
S43,P40,173,5
S43,P41,207,2
S43,P42,57,5
S43,P43,233,7
S43,P44,202,2
S43,P45,161,4
S43,P46,236,6
S43,P47,54,6
S43,P48,195,2
S43,P49,53,5
S43,P50,94,3
S43,P51,120,6
S43,P52,106,2
S43,P53,178,4
S43,P54,249,7
S43,P55,253,5
S43,P56,172,4
S43,P57,111,5
S43,P58,61,5
S43,P59,238,7
S43,P60,191,4
S43,P61,262,4
S43,P62,112,2
S43,P63,288,4
S43,P64,177,6
S43,P65,188,4
S43,P66,87,2
S43,P67,251,6
S43,P68,217,3
S43,P69,279,4
S43,P70,102,5
S43,P71,143,5
S43,P72,156,3
S43,P73,293,2
S43,P74,180,7
S43,P75,152,6
S43,P76,222,3
S43,P77,143,3
S43,P78,175,7
S43,P79,114,2
S43,P80,268,6
S43,P81,185,3
S43,P82,244,2
S43,P83,204,2
S43,P84,53,3
S43,P85,248,2
S43,P86,220,4
S43,P87,224,4
S43,P88,206,7
S43,P89,115,2
S43,P90,184,2
S43,P91,220,4
S43,P92,297,7
S43,P93,294,7
S43,P94,176,2
S43,P95,160,7
S43,P96,54,2
S43,P97,83,4
S43,P98,222,3
S43,P99,113,5
S43,P100,160,2
S44,P1,287,6
S44,P2,211,6
S44,P3,217,7
S44,P4,199,6
S44,P5,179,7
S44,P6,186,6
S44,P7,172,3
S44,P8,190,5
S44,P9,232,3
S44,P10,92,4
S44,P11,257,4
S44,P12,59,3
S44,P13,227,5
S44,P14,284,3
S44,P15,55,4
S44,P16,271,7
S44,P17,241,3
S44,P18,292,4
S44,P19,229,2
S44,P20,254,4
S44,P21,114,6
S44,P22,254,7
S44,P23,289,3
S44,P24,57,6
S44,P25,192,7
S44,P26,283,7
S44,P27,277,5
S44,P28,219,6
S44,P29,221,6
S44,P30,209,6
S44,P31,110,7
S44,P32,214,7
S44,P33,52,5
S44,P34,84,6
S44,P35,179,4
S44,P36,238,2
S44,P37,298,4
S44,P38,284,6
S44,P39,73,5
S44,P40,158,7
S44,P41,74,7
S44,P42,121,4
S44,P43,232,7
S44,P44,247,4
S44,P45,183,2
S44,P46,158,4
S44,P47,137,2
S44,P48,88,5
S44,P49,242,5
S44,P50,191,2
S44,P51,227,4
S44,P52,247,7
S44,P53,277,2
S44,P54,153,2
S44,P55,293,3
S44,P56,263,7
S44,P57,170,2
S44,P58,185,3
S44,P59,96,6
S44,P60,147,4
S44,P61,128,4
S44,P62,162,3
S44,P63,55,5
S44,P64,118,2
S44,P65,217,6
S44,P66,287,6
S44,P67,97,4
S44,P68,177,7
S44,P69,75,3
S44,P70,230,7
S44,P71,215,2
S44,P72,194,3
S44,P73,174,4
S44,P74,55,4
S44,P75,170,5
S44,P76,220,7
S44,P77,50,5
S44,P78,139,3
S44,P79,94,6
S44,P80,143,6
S44,P81,55,4
S44,P82,203,6
S44,P83,57,5
S44,P84,251,7
S44,P85,281,5
S44,P86,243,2
S44,P87,97,3
S44,P88,119,3
S44,P89,255,2
S44,P90,89,4
S44,P91,290,6
S44,P92,162,7
S44,P93,273,3
S44,P94,162,2
S44,P95,245,3
S44,P96,60,7
S44,P97,231,2
S44,P98,193,6
S44,P99,163,2
S44,P100,140,3
S45,P1,222,5
S45,P2,179,5
S45,P3,133,7
S45,P4,182,7
S45,P5,94,2
S45,P6,195,5
S45,P7,67,6
S45,P8,254,2
S45,P9,219,6
S45,P10,164,3
S45,P11,176,6
S45,P12,264,3
S45,P13,142,7
S45,P14,268,4
S45,P15,178,4
S45,P16,255,7
S45,P17,101,2
S45,P18,50,7
S45,P19,120,6
S45,P20,136,6
S45,P21,94,7
S45,P22,291,3
S45,P23,157,5
S45,P24,188,4
S45,P25,140,2
S45,P26,232,4
S45,P27,248,6
S45,P28,80,6
S45,P29,94,5
S45,P30,52,6
S45,P31,76,5
S45,P32,80,3
S45,P33,72,4
S45,P34,53,5
S45,P35,115,4
S45,P36,190,2
S45,P37,142,5
S45,P38,171,5
S45,P39,214,3
S45,P40,212,5
S45,P41,196,4
S45,P42,231,6
S45,P43,87,6
S45,P44,50,5
S45,P45,218,6
S45,P46,210,3
S45,P47,88,3
S45,P48,226,5
S45,P49,67,5
S45,P50,205,5
S45,P51,56,5
S45,P52,128,3
S45,P53,267,3
S45,P54,244,3
S45,P55,127,3
S45,P56,174,6
S45,P57,165,5
S45,P58,212,4
S45,P59,50,2
S45,P60,158,7
S45,P61,229,3
S45,P62,243,6
S45,P63,196,5
S45,P64,166,4
S45,P65,266,5
S45,P66,137,6
S45,P67,127,5
S45,P68,274,3
S45,P69,283,2
S45,P70,78,6
S45,P71,289,5
S45,P72,120,7
S45,P73,101,5
S45,P74,56,2
S45,P75,156,7
S45,P76,51,5
S45,P77,53,2
S45,P78,85,4
S45,P79,300,6
S45,P80,150,5
S45,P81,105,5
S45,P82,266,2
S45,P83,263,6
S45,P84,187,2
S45,P85,82,2
S45,P86,126,5
S45,P87,104,6
S45,P88,266,2
S45,P89,216,3
S45,P90,281,5
S45,P91,194,4
S45,P92,69,7
S45,P93,89,4
S45,P94,278,5
S45,P95,148,5
S45,P96,223,3
S45,P97,261,2
S45,P98,55,6
S45,P99,156,5
S45,P100,215,2
S46,P1,294,7
S46,P2,208,2
S46,P3,103,3
S46,P4,199,4
S46,P5,119,3
S46,P6,145,3
S46,P7,178,4
S46,P8,214,4
S46,P9,126,3
S46,P10,87,2
S46,P11,83,4
S46,P12,178,7
S46,P13,116,4
S46,P14,177,7
S46,P15,164,6
S46,P16,189,7
S46,P17,163,3
S46,P18,232,6
S46,P19,108,6
S46,P20,298,5
S46,P21,241,6
S46,P22,190,6
S46,P23,222,5
S46,P24,85,4
S46,P25,162,5
S46,P26,216,6
S46,P27,235,2
S46,P28,73,2
S46,P29,105,6
S46,P30,103,7
S46,P31,278,5
S46,P32,195,4
S46,P33,249,6
S46,P34,158,7
S46,P35,187,6
S46,P36,245,4
S46,P37,283,5
S46,P38,56,7
S46,P39,170,2
S46,P40,250,6
S46,P41,291,2
S46,P42,56,2
S46,P43,84,7
S46,P44,79,6
S46,P45,102,7
S46,P46,133,5
S46,P47,253,7
S46,P48,197,7
S46,P49,214,5
S46,P50,156,5
S46,P51,195,5
S46,P52,71,2
S46,P53,167,5
S46,P54,92,3
S46,P55,204,5
S46,P56,122,7
S46,P57,200,3
S46,P58,152,7
S46,P59,98,4
S46,P60,109,5
S46,P61,229,7
S46,P62,147,7
S46,P63,179,4
S46,P64,249,4
S46,P65,50,3
S46,P66,77,3
S46,P67,61,4
S46,P68,79,5
S46,P69,249,5
S46,P70,115,3
S46,P71,84,5
S46,P72,50,2
S46,P73,105,3
S46,P74,63,3
S46,P75,275,4
S46,P76,156,4
S46,P77,55,6
S46,P78,118,5
S46,P79,174,2
S46,P80,170,6
S46,P81,88,7
S46,P82,99,7
S46,P83,248,3
S46,P84,83,2
S46,P85,207,6
S46,P86,278,5
S46,P87,188,3
S46,P88,50,7
S46,P89,185,4
S46,P90,145,2
S46,P91,97,2
S46,P92,52,5
S46,P93,87,6
S46,P94,126,7
S46,P95,216,2
S46,P96,228,2
S46,P97,75,6
S46,P98,241,3
S46,P99,61,3
S46,P100,137,5
S47,P1,211,3
S47,P2,222,7
S47,P3,189,6
S47,P4,105,3
S47,P5,104,5
S47,P6,162,2
S47,P7,185,2
S47,P8,123,4
S47,P9,274,3
S47,P10,132,5
S47,P11,145,7
S47,P12,236,4
S47,P13,96,4
S47,P14,87,3
S47,P15,216,4
S47,P16,200,4
S47,P17,174,7
S47,P18,194,4
S47,P19,290,7
S47,P20,217,2
S47,P21,66,3
S47,P22,138,7
S47,P23,177,7
S47,P24,66,3
S47,P25,276,5
S47,P26,111,5
S47,P27,263,5
S47,P28,55,5
S47,P29,61,2
S47,P30,281,6
S47,P31,296,3
S47,P32,277,5
S47,P33,153,5
S47,P34,138,4
S47,P35,280,4
S47,P36,54,5
S47,P37,244,5
S47,P38,262,3
S47,P39,140,3
S47,P40,191,3
S47,P41,55,2
S47,P42,177,4
S47,P43,182,7
S47,P44,158,7
S47,P45,283,7
S47,P46,194,3
S47,P47,231,2
S47,P48,286,3
S47,P49,159,4
S47,P50,243,5
S47,P51,54,4
S47,P52,150,3
S47,P53,196,6
S47,P54,213,2
S47,P55,174,5
S47,P56,118,3
S47,P57,168,2
S47,P58,117,2
S47,P59,195,5
S47,P60,197,4
S47,P61,108,2
S47,P62,82,7
S47,P63,233,7
S47,P64,68,2
S47,P65,145,5
S47,P66,108,4
S47,P67,161,6
S47,P68,172,3
S47,P69,274,7
S47,P70,98,7
S47,P71,55,2
S47,P72,58,2
S47,P73,189,7
S47,P74,91,2
S47,P75,266,4
S47,P76,62,5
S47,P77,85,4
S47,P78,265,5
S47,P79,268,3
S47,P80,207,6
S47,P81,231,7
S47,P82,173,2
S47,P83,217,6
S47,P84,185,7
S47,P85,87,6
S47,P86,124,7
S47,P87,89,2
S47,P88,135,5
S47,P89,138,5
S47,P90,142,5
S47,P91,111,3
S47,P92,150,7
S47,P93,105,5
S47,P94,146,2
S47,P95,282,5
S47,P96,57,2
S47,P97,205,6
S47,P98,257,6
S47,P99,63,4
S47,P100,171,2
S48,P1,253,4
S48,P2,216,7
S48,P3,75,4
S48,P4,297,7
S48,P5,181,4
S48,P6,139,2
S48,P7,176,6
S48,P8,158,5
S48,P9,105,6
S48,P10,108,4
S48,P11,298,6
S48,P12,158,6
S48,P13,296,3
S48,P14,138,3
S48,P15,240,3
S48,P16,137,5
S48,P17,138,7
S48,P18,228,2
S48,P19,251,6
S48,P20,236,3
S48,P21,191,2
S48,P22,168,2
S48,P23,168,2
S48,P24,221,7
S48,P25,58,3
S48,P26,214,7
S48,P27,167,6
S48,P28,121,7
S48,P29,137,7
S48,P30,81,2
S48,P31,211,5
S48,P32,111,7
S48,P33,126,3
S48,P34,284,5
S48,P35,199,2
S48,P36,281,4
S48,P37,244,4
S48,P38,159,6
S48,P39,110,3
S48,P40,245,3
S48,P41,144,5
S48,P42,130,5
S48,P43,250,3
S48,P44,270,3
S48,P45,75,2
S48,P46,260,7
S48,P47,96,7
S48,P48,245,3
S48,P49,234,5
S48,P50,269,5
S48,P51,98,2
S48,P52,255,3
S48,P53,103,2
S48,P54,226,3
S48,P55,182,6
S48,P56,133,2
S48,P57,296,4
S48,P58,198,4
S48,P59,254,6
S48,P60,152,4
S48,P61,163,5
S48,P62,60,5
S48,P63,230,4
S48,P64,190,4
S48,P65,295,5
S48,P66,143,4
S48,P67,244,5
S48,P68,236,4
S48,P69,196,6
S48,P70,259,7
S48,P71,210,6
S48,P72,230,7
S48,P73,58,2
S48,P74,276,4
S48,P75,241,5
S48,P76,62,5
S48,P77,188,2
S48,P78,67,2
S48,P79,185,6
S48,P80,174,4
S48,P81,200,6
S48,P82,134,4
S48,P83,56,6
S48,P84,169,3
S48,P85,71,7
S48,P86,184,6
S48,P87,108,5
S48,P88,196,4
S48,P89,61,7
S48,P90,280,7
S48,P91,263,2
S48,P92,268,2
S48,P93,274,5
S48,P94,251,5
S48,P95,75,5
S48,P96,116,7
S48,P97,222,2
S48,P98,257,7
S48,P99,151,7
S48,P100,257,7
S49,P1,69,3
S49,P2,289,2
S49,P3,259,6
S49,P4,80,4
S49,P5,203,2
S49,P6,286,6
S49,P7,230,3
S49,P8,154,2
S49,P9,198,2
S49,P10,248,7
S49,P11,234,7
S49,P12,154,2
S49,P13,87,7
S49,P14,131,7
S49,P15,230,2
S49,P16,59,6
S49,P17,106,4
S49,P18,269,7
S49,P19,264,7
S49,P20,232,4
S49,P21,108,6
S49,P22,156,5
S49,P23,215,6
S49,P24,50,7
S49,P25,269,2
S49,P26,164,4
S49,P27,100,7
S49,P28,232,4
S49,P29,78,5
S49,P30,208,2
S49,P31,147,6
S49,P32,167,2
S49,P33,201,6
S49,P34,53,7
S49,P35,257,5
S49,P36,96,6
S49,P37,56,3
S49,P38,215,2
S49,P39,240,2
S49,P40,297,5
S49,P41,115,7
S49,P42,72,4
S49,P43,64,3
S49,P44,242,4
S49,P45,126,5
S49,P46,181,3
S49,P47,295,2
S49,P48,142,4
S49,P49,188,6
S49,P50,140,2
S49,P51,80,3
S49,P52,90,3
S49,P53,125,4
S49,P54,98,6
S49,P55,183,2
S49,P56,235,3
S49,P57,107,2
S49,P58,221,4
S49,P59,127,7
S49,P60,138,5
S49,P61,221,7
S49,P62,231,6
S49,P63,54,5
S49,P64,208,3
S49,P65,156,6
S49,P66,205,5
S49,P67,246,3
S49,P68,296,5
S49,P69,173,2
S49,P70,91,5
S49,P71,277,4
S49,P72,129,2
S49,P73,125,5
S49,P74,259,5
S49,P75,74,6
S49,P76,280,3
S49,P77,142,3
S49,P78,167,2
S49,P79,166,5
S49,P80,254,4
S49,P81,64,7
S49,P82,108,5
S49,P83,105,6
S49,P84,290,2
S49,P85,88,2
S49,P86,202,7
S49,P87,148,3
S49,P88,227,4
S49,P89,199,3
S49,P90,150,5
S49,P91,50,6
S49,P92,247,2
S49,P93,231,7
S49,P94,67,6
S49,P95,134,4
S49,P96,223,7
S49,P97,177,6
S49,P98,62,3
S49,P99,230,7
S49,P100,240,3
S50,P1,258,6
S50,P2,194,4
S50,P3,100,7
S50,P4,253,7
S50,P5,59,4
S50,P6,95,4
S50,P7,74,2
S50,P8,170,5
S50,P9,213,3
S50,P10,197,4
S50,P11,210,7
S50,P12,177,2
S50,P13,154,5
S50,P14,206,6
S50,P15,152,3
S50,P16,281,4
S50,P17,236,4
S50,P18,265,4
S50,P19,139,6
S50,P20,75,4
S50,P21,62,2
S50,P22,274,3
S50,P23,287,3
S50,P24,293,3
S50,P25,52,5
S50,P26,177,6
S50,P27,70,5
S50,P28,164,7
S50,P29,227,7
S50,P30,171,3
S50,P31,92,2
S50,P32,256,3
S50,P33,238,5
S50,P34,97,3
S50,P35,298,2
S50,P36,50,3
S50,P37,292,2
S50,P38,65,6
S50,P39,175,4
S50,P40,276,3
S50,P41,100,6
S50,P42,151,4
S50,P43,206,7
S50,P44,268,4
S50,P45,63,6
S50,P46,141,3
S50,P47,184,2
S50,P48,204,6
S50,P49,149,4
S50,P50,201,7
S50,P51,107,5
S50,P52,128,7
S50,P53,286,6
S50,P54,172,5
S50,P55,255,3
S50,P56,171,7
S50,P57,53,5
S50,P58,219,4
S50,P59,77,6
S50,P60,127,4
S50,P61,290,7
S50,P62,168,7
S50,P63,139,3
S50,P64,235,6
S50,P65,252,3
S50,P66,135,5
S50,P67,101,7
S50,P68,155,2
S50,P69,283,4
S50,P70,178,4
S50,P71,105,7
S50,P72,135,2
S50,P73,140,6
S50,P74,266,5
S50,P75,92,4
S50,P76,232,3
S50,P77,126,3
S50,P78,70,5
S50,P79,64,6
S50,P80,281,3
S50,P81,125,3
S50,P82,230,4
S50,P83,127,4
S50,P84,50,3
S50,P85,257,7
S50,P86,173,2
S50,P87,146,6
S50,P88,233,7
S50,P89,223,4
S50,P90,136,7
S50,P91,253,6
S50,P92,150,5
S50,P93,239,7
S50,P94,281,7
S50,P95,270,5
S50,P96,165,4
S50,P97,117,4
S50,P98,247,7
S50,P99,187,3
S50,P100,231,5
